Acc0,Acc1,Acc2,LinearAcc0,LinearAcc1,LinearAcc2,Gravity0,Gravity1,Gravity2,Gyro0,Gyro1,Gyro2,MagnetData0,MagnetData1,MagnetData2,ConvertedData0,ConvertedData1,ConvertedData2,ResultantAcc,HeartRate,Timestamp,dt
0.1951274424791336,-0.06524199992418289,9.511565208435059,-0.015744373202323914,-0.008551772683858871,-0.29265308380126953,0.21087181568145752,-0.05669022724032402,9.804218292236328,0.057790596038103104,-0.06418218463659286,-0.046072687953710556,,,,3.633949788119075,5.857532132812313,2.4979285456254963,0.29320103267547226,0,23:51:51,0.012589739
0.1759738177061081,-0.07900865375995636,9.518148422241211,-0.033497974276542664,-0.021222904324531555,-0.28609371185302734,0.20947179198265076,-0.057785749435424805,9.804242134094238,0.006924218963831663,-0.015978965908288956,-0.0023968450259417295,,,,3.633949788119075,5.857532132812313,2.4979285456254963,0.2888289076779594,0,23:51:51,0.019980313
0.16759411990642548,-0.0628477931022644,9.488221168518066,-0.04016019403934479,-0.0047411732375621796,-0.3160562515258789,0.20775431394577026,-0.058106619864702225,9.804277420043945,0.007989482954144478,-0.013315806165337563,-0.0018642127979546785,,,,3.633949788119075,5.857532132812313,2.4979285456254963,0.31863282008847743,0,23:51:51,0.01958401
0.18914192914962769,-0.07302315533161163,9.469067573547363,-0.01804850995540619,-0.014126330614089966,-0.3352174758911133,0.20719043910503387,-0.05889682471752167,9.804285049438477,0.006657903082668781,-0.014114754274487495,-0.002130528911948204,,,,3.633949788119075,5.857532132812313,2.4979285456254963,0.3360000864152241,0,23:51:51,0.020037604
0.1933317929506302,-0.048482585698366165,9.511565208435059,-0.013470470905303955,0.00997006893157959,-0.29273033142089844,0.20680226385593414,-0.058452654629945755,9.804295539855957,0.007723167538642883,-0.011984225362539291,-7.989483419805765E-4,,,,3.633949788119075,5.857532132812313,2.4979285456254963,0.29320965672143223,0,23:51:51,0.019959375
0.1843535304069519,-0.08319851011037827,9.475651741027832,-0.02168498933315277,-0.02348458394408226,-0.32865238189697266,0.20603851974010468,-0.059713926166296005,9.804304122924805,0.008255799300968647,-0.011717909015715122,-0.0034621094819158316,,,,3.633949788119075,5.857532132812313,2.4979285456254963,0.3302031989123654,0,23:51:51,0.019943282
0.17956513166427612,-0.07182604819536209,9.475052833557129,-0.025042489171028137,-0.010798994451761246,-0.3292722702026367,0.20460762083530426,-0.061027053743600845,9.804325103759766,0.006924218963831663,-0.015180018730461597,-0.003994741477072239,62.939998626708984,-28.260000228881836,-10.079999923706055,3.633949788119075,5.857532132812313,2.4979285456254963,0.3303997162066705,0,23:51:51,0.019748021
0.18315643072128296,-0.08858546614646912,9.466673851013184,-0.02072964608669281,-0.026165001094341278,-0.3376579284667969,0.20388607680797577,-0.06242046505212784,9.80433177947998,0.006924218963831663,-0.013049489818513393,-0.0018642127979546785,70.86000061035156,-31.799999237060547,-11.220000267028809,-0.0064728518513039734,0.02931738052094035,-0.3290327536338097,0.33930399668385125,0,23:51:51,0.020239792
0.16579847037792206,-0.08379705995321274,9.458293914794922,-0.03658053278923035,-0.02025754004716873,-0.34606170654296875,0.2023790031671524,-0.063539519906044,9.80435562133789,0.006391586735844612,-0.013848437927663326,-0.003195793367922306,78.77999877929688,-35.279998779296875,-12.420000076293945,-0.02240948626606487,0.031767367145827397,-0.33706951146163394,0.3485788404985857,0,23:51:51,0.019976823
0.19153612852096558,-0.05027823522686958,9.498396873474121,-0.01060551404953003,0.012696463614702225,-0.3059673309326172,0.2021416425704956,-0.06297469884157181,9.804364204406738,0.006391586735844612,-0.013582121580839157,-0.0018642127979546785,86.63999938964844,-38.81999969482422,-13.5600004196167,-0.01068925370627305,0.04390514208797902,-0.3456374898028516,0.30641423712778737,0,23:51:51,0.019505468
0.1909375786781311,-0.07182604819536209,9.48762321472168,-0.010951519012451172,-0.00836373120546341,-0.3167428970336914,0.20188909769058228,-0.06346231698989868,9.804366111755371,0.005858954507857561,-0.013848437927663326,-0.004527374170720577,94.62000274658203,-42.29999923706055,-14.760000228881836,0.009611666607265645,0.006458075237874894,-0.3061953444959382,0.3170425059667125,0,23:51:51,0.020220365
0.17896658182144165,-0.08080431073904037,9.481637001037598,-0.02212013304233551,-0.016432173550128937,-0.3227396011352539,0.20108671486377716,-0.06437213718891144,9.804376602172852,0.006924218963831663,-0.014114754274487495,-0.0029294772539287806,102.54000091552734,-45.84000015258789,-15.899999618530273,-0.009689481640207553,0.015459600366541482,-0.31651706717966904,0.3239138261240711,0,23:51:51,0.019622396
0.19812019169330597,-0.055665191262960434,9.4822359085083,-0.0031204670667648315,0.008367035537958145,-0.3221406936645508,0.2012406587600708,-0.06403222680091858,9.804376602172852,0.006924218963831663,-0.012783173471689224,-0.0029294772539287806,110.45999908447266,-49.31999969482422,-17.100000381469727,-0.012596816544913292,0.029016064270732445,-0.3223655414266954,0.32226444283086236,0,23:51:51,0.020331771
0.1801636815071106,-0.06224924325942993,9.479841232299805,-0.020375385880470276,0.0017729848623275757,-0.32454872131347656,0.20053906738758087,-0.06402222812175751,9.804389953613281,0.009321063756942749,-0.014114754274487495,-0.002130528911948204,118.37999725341797,-52.79999923706055,-18.239999771118164,0.002299951501633535,0.00154489168945382,-0.3222525241985496,0.325192515798431,0,23:51:51,0.020011823
0.1693897694349289,-0.07841010391712189,9.50737476348877,-0.030298694968223572,-0.013171754777431488,-0.2970247268676758,0.19968846440315247,-0.0652383491396904,9.804399490356445,0.007989482954144478,-0.013582121580839157,-0.0034621094819158316,126.41999816894531,-56.15999984741211,-19.260000228881836,0.003275784674884985,0.020008274104482915,-0.3245598695235518,0.29885647794804726,0,23:51:51,0.019785833
0.1885433793067932,-0.060453593730926514,9.493608474731445,-0.01090189814567566,0.004614636301994324,-0.31079673767089844,0.19944527745246887,-0.06506823003292084,9.804405212402344,0.006391586735844612,-0.014114754274487495,-0.004261057823896408,126.4800033569336,-56.099998474121094,-19.200000762939453,-0.005792117790001328,0.03501220548676853,-0.2967419410538286,0.31102211882477365,0,23:51:51,0.019951302
0.19153612852096558,-0.0736217051744461,9.491812705993652,-0.007805570960044861,-0.008054964244365692,-0.312591552734375,0.19934169948101044,-0.06556674093008041,9.804404258728027,0.007190534844994545,-0.013049489818513393,-0.005060005933046341,126.54000091552734,-56.040000915527344,-19.079999923706055,0.002314126506592906,0.010159549952585945,-0.31084752009538136,0.3127927240647996,0,23:51:51,0.019934584
0.17717093229293823,-0.06643909960985184,9.502586364746094,-0.021379590034484863,-7.520541548728943E-4,-0.3018331527709961,0.1985505223274231,-0.06568704545497894,9.80441951751709,0.007456851191818714,-0.01438106968998909,-0.002663161139935255,126.5999984741211,-55.97999954223633,-19.020000457763672,-0.010559640070872511,0.012487031069491561,-0.3123649326056107,0.3025903246423685,0,23:51:51,0.020654896
0.1759738177061081,-0.09876082092523575,9.497797966003418,-0.021763712167739868,-0.03141852468252182,-0.3066272735595703,0.19773752987384796,-0.06734229624271393,9.804425239562988,0.005592638626694679,-0.012783173471689224,-0.002663161139935255,126.66000366210938,-55.91999816894531,-18.959999084472656,0.0018417415848688279,0.021881361548861777,-0.3017924995631024,0.3090001096296279,0,23:51:51,0.019314062
0.1885433793067932,-0.07122749835252762,9.496002197265625,-0.009041428565979004,-0.0036329999566078186,-0.3084239959716797,0.19758480787277222,-0.0675944983959198,9.804426193237305,0.008255799300968647,-0.014913702383637428,-0.003728425595909357,126.72000122070313,-55.86000061035156,-18.84000015258789,-0.02613596228572579,0.03469791765856289,-0.30593141211371205,0.30857787900356226,0,23:51:51,0.019836823
0.181959331035614,-0.06224924325942993,9.488221168518066,-0.015163078904151917,0.005172215402126312,-0.31621551513671875,0.19712240993976593,-0.06742145866155624,9.804436683654785,0.007190534844994545,-0.01438106968998909,-0.004261057823896408,126.77999877929688,-55.79999923706055,-18.780000686645508,-0.0058931098931456205,0.011864432048036333,-0.30829337599888496,0.3166211028772402,0,23:51:51,0.01996974
0.16639702022075653,-0.07541735470294952,9.462483406066895,-0.03010837733745575,-0.007785394787788391,-0.3419647216796875,0.19650539755821228,-0.06763195991516113,9.804448127746582,0.007190534844994545,-0.011984225362539291,-0.002663161139935255,126.83999633789063,-55.68000030517578,-18.780000686645508,-9.867584706784172E-4,0.02032026828553901,-0.30535121791885417,0.34337588388144336,0,23:51:51,0.021380677
0.18974047899246216,-0.07781155407428741,9.484031677246094,-0.005617931485176086,-0.009713500738143921,-0.3204355239868164,0.19535841047763824,-0.0680980533361435,9.80446720123291,0.007456851191818714,-0.012783173471689224,-0.003195793367922306,126.9000015258789,-55.619998931884766,-18.780000686645508,-0.0018843829912866816,0.03305746584247515,-0.3417757439569346,0.32063193584461863,0,23:51:51,0.019910365
0.19273324310779572,-0.06464344263076782,9.485228538513184,-0.0026351213455200195,0.0039900317788124084,-0.31923484802246094,0.19536836445331573,-0.06863347440958023,9.804463386535645,0.006657903082668781,-0.012783173471689224,-0.003994741477072239,126.9000015258789,-55.560001373291016,-18.780000686645508,-0.013024570917874456,0.011267804485052046,-0.32016905227544107,0.31927065698248136,0,23:51:51,0.019970156
0.17717093229293823,-0.07242459803819656,9.467870712280273,-0.018365666270256042,-0.0039027556777000427,-0.3365907669067383,0.19553659856319427,-0.06852184236049652,9.804461479187012,0.006924218963831663,-0.014647386036813259,-0.0018642127979546785,126.9000015258789,-55.5,-18.780000686645508,-0.001648919493238754,0.003049074954277975,-0.3192518318870027,0.33711403644211624,0,23:51:51,0.020891146
0.17896658182144165,-0.04369417950510979,9.50737476348877,-0.01668417453765869,0.024820517748594284,-0.29708385467529297,0.19565075635910034,-0.06851469725370407,9.804458618164063,0.008255799300968647,-0.013848437927663326,-0.0013315805699676275,126.9000015258789,-55.439998626708984,-18.780000686645508,-0.00303710858436812,0.02156420559039418,-0.2849764661925671,0.29858539229178965,0,23:51:51,0.020525468
0.15682020783424377,-0.07122749835252762,9.48343276977539,-0.038615673780441284,-0.0030228719115257263,-0.3210325241088867,0.19543588161468506,-0.06820462644100189,9.804465293884277,0.006657903082668781,-0.012783173471689224,-0.004527374170720577,126.9000015258789,-55.439998626708984,-18.780000686645508,0.02349043421751751,0.0074354585967044695,-0.29756704818103824,0.3233607730567112,0,23:51:51,0.022123126
0.1885433793067932,-0.060453593730926514,9.47146224975586,-0.006097584962844849,0.008134432137012482,-0.33301639556884766,0.19464096426963806,-0.068588025867939,9.804478645324707,0.006657903082668781,-0.014647386036813259,-0.0029294772539287806,126.9000015258789,-55.380001068115234,-18.780000686645508,0.006284258775762552,0.03883156774144991,-0.32095919479751867,0.3331715312661602,0,23:51:51,0.020331094
0.1843535304069519,-0.053270988166332245,9.49121379852295,-0.009919434785842896,0.015302985906600952,-0.31327152252197266,0.1942729651927948,-0.0685739740729332,9.804485321044922,0.005858954507857561,-0.014114754274487495,-0.002130528911948204,126.83999633789063,-55.20000076293945,-18.84000015258789,0.0032824141061440493,0.004666642966819623,-0.33312268300383896,0.30959699643115324,0,23:51:51,0.019905573
0.17298106849193573,-0.07422025501728058,9.496601104736328,-0.020608946681022644,-0.005734965205192566,-0.30789947509765625,0.19359001517295837,-0.06848528981208801,9.804500579833984,0.007190534844994545,-0.015180018730461597,-0.0023968450259417295,126.83999633789063,-55.08000183105469,-18.780000686645508,0.009129563127692863,0.011185577633423982,-0.3092601441404763,0.3086417101990887,0,23:51:51,0.020016927
0.1999158412218094,-0.07781155407428741,9.476250648498535,0.007050067186355591,-0.0095907524228096,-0.3282651901245117,0.1928657740354538,-0.06822080165147781,9.804515838623047,0.006657903082668781,-0.014913702383637428,0.0034621094819158316,126.83999633789063,-54.959999084472656,-18.780000686645508,-0.003132690163274443,0.023338315036996793,-0.30774211469481966,0.3284809294720922,0,23:51:51,0.022583228
0.17836803197860718,-0.04728548228740692,9.481039047241211,-0.016957998275756836,0.020022623240947723,-0.32343482971191406,0.195326030254364,-0.06730810552835464,9.804473876953125,0.008522115647792816,-0.012250540778040886,-0.002130528911948204,126.83999633789063,-54.900001525878906,-18.780000686645508,-0.01805653503474325,-3.7499228547166474E-4,-0.3279840366908384,0.3244974086456537,0,23:51:51,0.018946094
0.16759411990642548,-0.06883329898118973,9.496601104736328,-0.027950868010520935,-0.0021185502409934998,-0.3078727722167969,0.1955449879169464,-0.06671474874019623,9.804473876953125,0.006924218963831663,-0.013582121580839157,-0.0029294772539287806,126.83999633789063,-54.720001220703125,-18.780000686645508,0.01866318908178144,0.009835933933677765,-0.3238109230329753,0.32624577418375983,0,23:51:51,0.020470104
0.19393034279346466,-0.06344634294509888,9.47146224975586,-0.0012094080448150635,0.00400824099779129,-0.33301448822021484,0.19513975083827972,-0.06745458394289017,9.804476737976074,0.008522115647792816,-0.011451592668890953,-0.0029294772539287806,126.83999633789063,-54.65999984741211,-18.780000686645508,0.004164508413688761,0.014509723943357145,-0.32589637029128304,0.33304080535016556,0,23:51:51,0.021863073
0.17537526786327362,-0.05147533491253853,9.477447509765625,-0.019276559352874756,0.015130195766687393,-0.3270444869995117,0.19465182721614838,-0.06660553067922592,9.804491996765137,0.006125270389020443,-0.013582121580839157,-0.0023968450259417295,126.83999633789063,-54.540000915527344,-18.780000686645508,-0.0024677010271347832,0.0018161238711877914,-0.33302672772813063,0.32796128588782697,0,23:51:51,0.020052658
0.1933317929506302,-0.05506663769483566,9.482834815979004,-9.017586708068848E-4,0.011962957680225372,-0.32166194915771484,0.19423355162143707,-0.06702959537506104,9.804496765136719,0.007456851191818714,-0.011984225362539291,-0.003195793367922306,126.83999633789063,-54.47999954223633,-18.780000686645508,0.015017034883805014,0.013958842817559103,-0.3273197955466321,0.321885593124482,0,23:51:51,0.018148854
0.3232172429561615,0.9038111567497253,9.493009567260742,0.1288548856973648,0.967350959777832,-0.3115081787109375,0.1943623572587967,-0.06353983283042908,9.804637908935547,0.007723167538642883,-0.011984225362539291,-0.020772656425833702,126.9000015258789,-54.29999923706055,-18.719999313354492,0.8319231463265253,-0.49755201867736254,-0.33129222622509574,0.8125770695042979,0,23:51:51,0.02032474
-0.08918401598930359,0.31364041566848755,9.473855972290039,-0.2718433737754822,0.32648494839668274,-0.3310842514038086,0.1826593428850174,-0.012844540178775787,9.804940223693848,0.007456851191818714,-0.012516857124865055,0.052996907383203506,126.9000015258789,-54.2400016784668,-18.719999313354492,0.7425361888670867,4.611922664015111E-4,-0.33003208559663144,0.5386167681411723,0,23:51:52,0.01990276
0.06703764945268631,0.3926490843296051,9.5408935546875,-0.10871409624814987,0.39699167013168335,-0.26418113708496094,0.17575174570083618,-0.004342586733400822,9.805074691772461,0.007723167538642883,-0.013582121580839157,0.10785802453756332,126.9000015258789,-54.18000030517578,-18.719999313354492,0.40072335353668365,0.12240339838125713,-0.338446833896319,0.4890938704057721,0,23:51:52,0.019975834
0.4159925580024719,0.07182604819536209,9.461885452270508,0.24031031131744385,0.06828717142343521,-0.34319019317626953,0.17568224668502808,0.003538878168910742,9.805075645446777,0.007989482954144478,-0.016511598601937294,0.06657902896404266,126.95999908447266,-54.060001373291016,-18.65999984741211,0.40304118888157014,-0.05543772019012838,-0.2714725104376383,0.42448992002032937,0,23:51:52,0.020061927
0.40940847992897034,0.076015904545784,9.519944190979004,0.21477408707141876,0.07758350670337677,-0.2847738265991211,0.19463439285755157,-0.0015676055336371064,9.804718017578125,0.007456851191818714,-0.012516857124865055,-0.12436962872743607,127.0199966430664,-53.939998626708984,-18.65999984741211,-0.037228276292225804,-0.24800644772880331,-0.34248874071570157,0.3650249872346557,0,23:51:52,0.020634687
0.18794482946395874,0.18495208024978638,9.44871711730957,-0.011475935578346252,0.1835499256849289,-0.35590457916259766,0.199420765042305,0.0014021584065631032,9.804621696472168,0.006657903082668781,-0.015180018730461597,-0.14700649678707123,127.0199966430664,-53.880001068115234,-18.600000381469727,-0.01796987986648846,-0.2279793267168051,-0.28450964408521184,0.40061245835002063,0,23:51:52,0.019469272
0.09636662155389786,-0.14604631066322327,9.498994827270508,-0.10216980427503586,-0.1493609994649887,-0.3056449890136719,0.19853642582893372,0.003314686706289649,9.80463981628418,0.005592638626694679,-0.015180018730461597,-0.12436962872743607,127.08000183105469,-53.880001068115234,-18.600000381469727,0.16624605651927338,-0.060988259977717174,-0.3593508145955727,0.3551988687706467,0,23:51:52,0.019722448
0.21966800093650818,0.166995570063591,9.647436141967773,0.022438734769821167,0.1638859212398529,-0.15723037719726563,0.197229266166687,0.0031096474267542362,9.804666519165039,0.002130528911948204,-0.02822950854897499,-0.09187906235456467,127.08000183105469,-53.81999969482422,-18.600000381469727,-0.10395480472874796,0.15216380056526013,-0.3036541087031474,0.22821806131921302,0,23:51:52,0.019678333
0.10654197633266449,0.345363587141037,9.503185272216797,-0.09184497594833374,0.327033668756485,-0.3014402389526367,0.19838695228099823,0.0183299221098423,9.804625511169434,0.005858954507857561,-0.017044231295585632,-0.1304948925971985,127.13999938964844,-53.58000183105469,-18.540000915527344,0.31114183680431395,-0.16936622817955715,-0.26992120964531396,0.45415056728699466,0,23:51:52,0.019835886
-0.02693476900458336,0.12868833541870117,9.532513618469238,-0.22141411900520325,0.10118161141872406,-0.2721691131591797,0.1944793462753296,0.027506723999977112,9.804682731628418,0.00532632227987051,-0.01997370831668377,-0.06444849818944931,127.19999694824219,-53.459999084472656,-18.479999542236328,0.33091774456817014,-0.04253248147119226,-0.3081187225165318,0.36515470247827064,0,23:51:52,0.020404948
0.10714052617549896,-0.03770867735147476,9.530119895935059,-0.08180241286754608,-0.0656212568283081,-0.2746706008911133,0.18894293904304504,0.027912583202123642,9.804790496826172,0.003728425595909357,-0.020506341010332108,-0.025300031527876854,127.19999694824219,-53.34000015258789,-18.479999542236328,0.17341683033360678,0.16437680265773835,-0.2761246489175104,0.2940097329895126,0,23:51:52,0.019974635
0.5494692921638489,0.0933738648891449,9.525331497192383,0.3587239384651184,0.06735464930534363,-0.27942848205566406,0.19074533879756927,0.02601921558380127,9.804759979248047,0.003994741477072239,-0.018908444792032242,-0.06870955973863602,127.26000213623047,-53.15999984741211,-18.420000076293945,-0.034298425242345054,0.09999687090722986,-0.27434643918023893,0.4596735683013593,0,23:51:52,0.020236613
-0.14664486050605774,0.8439561128616333,9.487024307250977,-0.34447136521339417,0.792610764503479,-0.31749629974365234,0.19782650470733643,0.051345329731702805,9.804520606994629,0.001065264455974102,-0.024234766140580177,-0.117978036403656,127.26000213623047,-52.79999923706055,-18.420000076293945,0.600146796702222,-0.29473061100971276,-0.28931749720021177,0.920704211899609,0,23:51:52,0.019920887
-0.03711012750864029,0.3495534360408783,9.4014310836792,-0.228403240442276,0.28027188777923584,-0.4031085968017578,0.1912931203842163,0.06928155571222305,9.804539680480957,0.004261057823896408,-0.01438106968998909,-0.006391586735844612,127.31999969482422,-52.619998931884766,-18.360000610351563,0.8575038505667685,0.014076306588650223,-0.3349409256267684,0.5414950712050396,0,23:51:52,0.020906094
0.3944447338581085,-0.4279635548591614,9.348160743713379,0.20035088062286377,-0.4985407888889313,-0.4563140869140625,0.19409385323524475,0.0705772414803505,9.804474830627441,0.007456851191818714,0.005858954507857561,-0.024501081556081772,127.31999969482422,-52.439998626708984,-18.360000610351563,0.3381424565797708,0.10176729496213177,-0.41051187640382786,0.7049155548493519,0,23:51:52,0.019948802
0.25079262256622314,0.4513070285320282,9.322422981262207,0.048685863614082336,0.38380157947540283,-0.48191165924072266,0.2021067589521408,0.06750544160604477,9.80433464050293,0.010386328212916851,-0.001597896683961153,-0.08042746782302856,127.37999725341797,-52.2599983215332,-18.360000610351563,-0.5462066310327476,4.087828415118011E-4,-0.4456052708179373,0.6179909489918193,0,23:51:52,0.02059724
0.3298012912273407,0.5327098965644836,9.521739959716797,0.12484590709209442,0.45630747079849243,-0.282470703125,0.20495538413524628,0.07640242576599121,9.804210662841797,0.005592638626694679,-0.006924218963831663,-0.10998855531215668,127.44000244140625,-52.02000045776367,-18.299999237060547,0.3270995325330164,-0.19319101484948353,-0.4874380936264773,0.7430655464925037,0,23:51:52,0.020390052
-0.27054479718208313,0.1693897694349289,9.416994094848633,-0.4734841585159302,0.07604194432497025,-0.3871116638183594,0.20293936133384705,0.09334782510995865,9.804105758666992,0.006657903082668781,-0.012783173471689224,0.01810949668288231,127.5,-51.900001525878906,-18.299999237060547,0.5448137015009227,0.030416355936694117,-0.5043801729167916,0.6162994936931872,0,23:51:52,0.020305989
-0.21009120345115662,0.5476736426353455,9.494805335998535,-0.4018356204032898,0.4526212215423584,-0.30950927734375,0.19174440205097198,0.09505242854356766,9.804314613342285,0.006657903082668781,-0.013848437927663326,0.20746025443077087,127.55999755859375,-51.720001220703125,-18.299999237060547,0.23998767113003838,0.406662086886429,-0.3960516882479586,0.679804257692789,0,23:51:52,0.019482865
0.18495208024978638,1.0875661373138428,9.37389850616455,-0.004338324069976807,0.9757791757583618,-0.43028736114501953,0.18929040431976318,0.11178697645664215,9.80418586730957,0.008522115647792816,-0.003195793367922306,0.2412824034690857,127.62000274658203,-51.599998474121094,-18.299999237060547,0.5638467002978924,0.20042469055668732,-0.3225533375897721,1.0664478581067847,0,23:51:52,0.022091718
0.1388636976480484,0.9600749015808105,9.623494148254395,-0.05218943953514099,0.8250945210456848,-0.18036651611328125,0.1910531371831894,0.13498039543628693,9.803860664367676,0.006125270389020443,-0.011984225362539291,0.18801917135715485,127.62000274658203,-51.540000915527344,-18.299999237060547,0.8986325003540916,-0.3646927880041497,-0.44358728752480625,0.8461895688280745,0,23:51:52,0.0180075
0.32381579279899597,0.23702596127986908,9.405621528625488,0.13447906076908112,0.08936452865600586,-0.3980884552001953,0.18933673202991486,0.14766143262386322,9.803709983825684,0.004793690051883459,-0.008522115647792816,0.12490225583314896,127.68000030517578,-51.47999954223633,-18.299999237060547,0.025348507359108652,-0.16403314527152357,-0.3962267382789283,0.4295870749113877,0,23:51:52,0.025261978
-0.14784196019172668,0.3016694188117981,9.48882007598877,-0.34189385175704956,0.15160956978797913,-0.3147611618041992,0.19405187666416168,0.15005984902381897,9.803581237792969,0.007190534844994545,-0.017044231295585632,0.1017327532172203,127.80000305175781,-51.36000061035156,-18.420000076293945,0.078168269638617,0.01766116616674651,-0.3406538316329446,0.4888266118992467,0,23:51:52,0.014966771
-0.14664486050605774,0.42197805643081665,9.474454879760742,-0.33252137899398804,0.26575273275375366,-0.3291893005371094,0.1858765035867691,0.1562253087759018,9.803644180297852,0.008788431994616985,-0.010386328212916851,0.22370553016662598,127.86000061035156,-51.36000061035156,-18.420000076293945,0.2611273543429764,0.2565480874368298,-0.3239553118887921,0.5381083329983497,0,23:51:52,0.020012448
0.2759317457675934,0.29149407148361206,9.399636268615723,0.09458766877651215,0.13357868790626526,-0.4040651321411133,0.18134407699108124,0.1579153835773468,9.803701400756836,0.008788431994616985,-0.008522115647792816,0.24181503057479858,127.86000061035156,-51.47999954223633,-18.479999542236328,0.36362232318769827,0.20520710469279635,-0.3394545594836766,0.43595725015137654,0,23:51:52,0.019690208
0.5081692934036255,-0.3034650683403015,9.437943458557129,0.31538325548171997,-0.46067357063293457,-0.3655509948730469,0.19278602302074432,0.15720851719379425,9.803494453430176,0.004527374170720577,-0.015978965908288956,0.017044231295585632,127.91999816894531,-51.540000915527344,-18.479999542236328,0.08150316135885483,-0.1438863786805058,-0.40337656952815554,0.6673187142367727,0,23:51:52,0.020371094
0.5171475410461426,-0.22924481332302094,9.55705451965332,0.31514662504196167,-0.3839091360569,-0.24629497528076172,0.20200090110301971,0.1546643227338791,9.803349494934082,0.004527374170720577,-0.011984225362539291,-0.14354439079761505,127.9800033569336,-51.599998474121094,-18.479999542236328,-0.5518763568121212,-0.12767555050107404,-0.3527685826231045,0.5544049376329951,0,23:51:52,0.020072083
0.314238965511322,0.25737667083740234,9.548076629638672,0.10392177104949951,0.11044417321681976,-0.2552165985107422,0.2103171944618225,0.14693249762058258,9.803293228149414,7.989483419805765E-4,-0.012250540778040886,-0.2537992596626282,127.9800033569336,-51.65999984741211,-18.479999542236328,-0.4784276635854088,-0.15385884871051925,-0.23409237068782496,0.29687229923151276,0,23:51:52,0.019895885
-0.23104046285152435,0.8194155097007751,9.510367393493652,-0.4377437233924866,0.6651992797851563,-0.2928915023803711,0.20670326054096222,0.15421625971794128,9.803258895874023,0.004793690051883459,-0.009587380103766918,-0.21465079486370087,127.9800033569336,-51.65999984741211,-18.420000076293945,0.058431653423201446,-0.14134956398094056,-0.2544389936879927,0.8484663112716022,0,23:51:52,0.019956511
0.03292027488350868,0.7410054206848145,9.496601104736328,-0.16303181648254395,0.5693718194961548,-0.30658912658691406,0.19595208764076233,0.17163358628749847,9.803190231323242,-2.663161139935255E-4,-0.013315806165337563,-0.059122178703546524,127.9800033569336,-51.720001220703125,-18.360000610351563,0.7738717374886903,0.15439110783829157,-0.3117387905380621,0.6669036921199991,0,23:51:52,0.020198177
0.8978256583213806,-0.17238251864910126,9.436147689819336,0.6863126754760742,-0.33534201979637146,-0.3668670654296875,0.2115129977464676,0.1629595011472702,9.803014755249023,0.002663161139935255,-0.017310546711087227,-0.18216022849082947,127.9800033569336,-51.779998779296875,-18.059999465942383,-0.2653733632457991,-0.224194464666708,-0.3231189741235362,0.8473905843571946,0,23:51:52,0.020428385
0.6105214357376099,0.12449848651885986,9.457097053527832,0.3843412399291992,-0.03341567516326904,-0.345672607421875,0.22618019580841064,0.1579141616821289,9.802769660949707,2.663161139935255E-4,-0.01065264455974102,-0.34860777854919434,127.91999816894531,-51.779998779296875,-18.0,-0.5744733465960596,-0.5180128449998209,-0.3459969617224657,0.5180003355006337,0,23:51:52,0.020542188
-0.07481880486011505,0.6171054840087891,9.476250648498535,-0.29883211851119995,0.4525625705718994,-0.3264598846435547,0.2240133285522461,0.16454289853572845,9.80271053314209,-2.663161139935255E-4,-0.013049489818513393,-0.31451931595802307,127.91999816894531,-51.779998779296875,-17.940000534057617,-0.1820516479594687,-0.34971723517109865,-0.3359753036382389,0.633000451514863,0,23:51:52,0.018835885
-0.5410895943641663,0.862511157989502,9.528923034667969,-0.7478867769241333,0.6797573566436768,-0.27384376525878906,0.20679719746112823,0.1827538013458252,9.802766799926758,0.004261057823896408,-0.009853696450591087,0.19041602313518524,127.91999816894531,-51.84000015258789,-17.8799991607666,0.5236876434288149,0.10316678334456597,-0.34029019944657146,0.5884697410032177,0,23:51:52,0.019938751
0.7146692276000977,0.4321534037590027,9.46487808227539,0.5174199938774109,0.23176836967468262,-0.3377408981323242,0.19724924862384796,0.20038503408432007,9.802618980407715,0.005592638626694679,-0.013049489818513393,0.19467708468437195,127.86000061035156,-51.84000015258789,-17.8799991607666,0.5172397570603184,0.04314135246215134,-0.27730582504337914,0.6599310126952583,0,23:51:52,0.020301145
1.1073182821273804,0.9894038438796997,9.368511199951172,0.8921554684638977,0.7822705507278442,-0.4335899353027344,0.21516279876232147,0.20713329315185547,9.802101135253906,0.005592638626694679,-0.015978965908288956,-0.026631612330675125,127.86000061035156,-51.84000015258789,-17.81999969482422,0.01555210599171275,-0.5733082302180197,-0.326473185203771,1.2632849347799215,0,23:51:52,0.020926407
0.5416881442070007,1.216254472732544,9.464279174804688,0.31053996086120605,0.9860416650772095,-0.3369426727294922,0.23114819824695587,0.23021277785301208,9.80122184753418,0.005858954507857561,-0.007190534844994545,-0.22610238194465637,127.86000061035156,-51.779998779296875,-17.760000228881836,0.3842135490226113,-1.12837326612701,-0.4183806475946976,1.0873102580524148,0,23:51:52,0.018985885
-0.13108254969120026,0.7272387742996216,9.545681953430176,-0.3621408939361572,0.4770700931549072,-0.2550535202026367,0.23105832934379578,0.25016868114471436,9.800735473632813,0.0018642127979546785,-0.01438106968998909,-0.19947077333927155,127.91999816894531,-51.720001220703125,-17.700000762939453,0.7918446468559637,-0.662923037905891,-0.34023295141091625,0.6509947764855474,0,23:51:52,0.020873385
-0.44771572947502136,0.535702645778656,9.488221168518066,-0.6697372198104858,0.2767758071422577,-0.3124961853027344,0.22202147543430328,0.2589268386363983,9.8007173538208,0.010386328212916851,-0.009321063756942749,0.003994741477072239,128.0399932861328,-51.720001220703125,-17.700000762939453,0.5711873478340372,0.15247068204810788,-0.27256542333455624,0.7565142243579643,0,23:51:52,0.020512083
0.2783259451389313,-0.1346738487482071,9.510966300964355,0.0827224999666214,-0.3974841237068176,-0.2902107238769531,0.19560344517230988,0.26281026005744934,9.801177024841309,0.009321063756942749,-0.011451592668890953,0.42637211084365845,128.10000610351563,-51.65999984741211,-17.639999389648438,0.36842033064335666,0.5481326611860275,-0.3689590757425323,0.4990580175219005,0,23:51:52,0.019681406
1.2270283699035645,-0.12210428714752197,9.439140319824219,1.020595908164978,-0.37267228960990906,-0.3621349334716797,0.20643250644207,0.2505680024623871,9.801275253295898,0.002663161139935255,-0.014647386036813259,0.24767398834228516,128.16000366210938,-51.65999984741211,-17.639999389648438,-0.4055869280742659,0.06265540495772104,-0.28395849400534423,1.1452695548414469,0,23:51:52,0.021779531
0.6619967818260193,0.6009446382522583,9.457695007324219,0.43042564392089844,0.3579558730125427,-0.34320926666259766,0.23157112300395966,0.24298876523971558,9.800904273986816,0.006924218963831663,-0.005592638626694679,-0.1360875368118286,128.22000122070313,-51.599998474121094,-17.700000762939453,-0.7313248633257068,-0.8188605456607885,-0.3259964864621444,0.6566515382544761,0,23:51:52,0.020293438
-0.2148796021938324,1.170764684677124,9.385271072387695,-0.4424709677696228,0.916375994682312,-0.4154367446899414,0.2275913655757904,0.254388689994812,9.800707817077637,0.007456851191818714,-0.013582121580839157,-0.16511599719524384,128.27999877929688,-51.599998474121094,-17.760000228881836,0.16544270660459226,-0.5406669072688359,-0.3339150253266955,0.8796394625437062,0,23:51:53,0.019886458
0.053270988166332245,0.090979665517807,9.4822359085083,-0.1594466269016266,-0.19487017393112183,-0.31793880462646484,0.21271760761737823,0.28584983944892883,9.800174713134766,0.004527374170720577,-0.01757686398923397,0.08708536624908447,128.4600067138672,-51.540000915527344,-18.0,0.836158993247273,0.01734358336286057,-0.2725855008143647,0.40556466192896734,0,23:51:53,0.020459427
0.053270988166332245,0.090979665517807,9.4822359085083,-0.1594466269016266,-0.19487017393112183,-0.31793880462646484,0.21271760761737823,0.28584983944892883,9.800174713134766,0.004527374170720577,-0.005592638626694679,0.12010856717824936,128.52000427246094,-51.540000915527344,-18.059999465942383,-0.1293911756915147,0.21068376019158563,-0.321485561942004,0.577803886759745,0,23:51:53,0.019590886
0.40880993008613586,0.7691373229026794,9.494805335998535,0.20333857834339142,0.47598138451576233,-0.30530834197998047,0.20547135174274445,0.2931559383869171,9.800113677978516,0.0034621094819158316,-0.008255799300968647,0.12010856717824936,128.5800018310547,-51.540000915527344,-18.059999465942383,0.38485944920015847,0.18836261127138698,-0.3876339503591335,0.600930977343337,0,23:51:53,0.019623906
0.23822307586669922,0.5524620413780212,9.510367393493652,0.02510654926300049,0.24118557572364807,-0.28902435302734375,0.21311652660369873,0.31127646565437317,9.799391746520996,0.010386328212916851,-0.0162452831864357,-0.14274543523788452,128.6999969482422,-51.540000915527344,-18.059999465942383,0.32299771023159574,-0.34074512588227446,-0.16576737867402386,0.3772742999409285,0,23:51:53,0.020501406
-0.8092401623725891,1.2773065567016602,9.425971984863281,-1.0114271640777588,0.9529638290405273,-0.3732271194458008,0.20218703150749207,0.3243427276611328,9.799199104309082,0.008255799300968647,-0.009321063756942749,-0.09187906235456467,128.75999450683594,-51.540000915527344,-18.1200008392334,0.20880406194968337,-0.12114710218696167,-0.28993127121072976,1.4388966086497568,0,23:51:53,0.019754948
-0.849941611289978,1.3964180946350098,9.48762321472168,-1.0242195129394531,1.0492956638336182,-0.31133174896240234,0.17427785694599152,0.3471223711967468,9.798954963684082,0.013582121580839157,-0.011451592668890953,0.23435817658901215,128.75999450683594,-51.540000915527344,-18.1200008392334,1.2495490380546777,0.5779051444658307,-0.4184208838504002,1.4989911469845152,0,23:51:53,0.019663021
-0.5805938839912415,1.4059948921203613,9.485827445983887,-0.7338063716888428,1.0297389030456543,-0.3124046325683594,0.1532125174999237,0.3762560188770294,9.798232078552246,0.014913702383637428,-0.010386328212916851,0.4519384503364563,128.82000732421875,-51.540000915527344,-18.18000030517578,1.3459708287309997,0.5560232021810769,-0.35521159569477967,1.3024709801093395,0,23:51:53,0.021352188
0.38726213574409485,1.4814122915267944,9.359533309936523,0.23750582337379456,1.080765724182129,-0.43778514862060547,0.1497563123703003,0.40064653754234314,9.797318458557129,0.004793690051883459,-0.009054748341441154,0.44022053480148315,128.82000732421875,-51.540000915527344,-18.18000030517578,1.221880855456515,0.29286687115548204,-0.3430255013047381,1.1900081525166755,0,23:51:53,0.019021198
0.5811924338340759,1.2677297592163086,9.47146224975586,0.41588959097862244,0.850364089012146,-0.3249082565307617,0.1653028428554535,0.417365700006485,9.796370506286621,0.004261057823896408,-0.007456851191818714,0.13741911947727203,128.82000732421875,-51.540000915527344,-18.299999237060547,0.9121608290030432,-0.6343760844081405,-0.42620307136126767,1.0008239660038534,0,23:51:53,0.020148021
-0.3082534670829773,1.6310498714447021,9.43494987487793,-0.4795232117176056,1.1602461338043213,-0.35889434814453125,0.1712697446346283,0.47080370783805847,9.793844223022461,0.015180018730461597,-0.007723167538642883,0.02876213937997818,128.75999450683594,-51.599998474121094,-18.299999237060547,1.2487581888652404,0.004973229467145401,-0.38144026976854506,1.1235465356351717,0,23:51:53,0.022372291
-0.28371289372444153,1.213860273361206,9.4822359085083,-0.4186137318611145,0.6923320293426514,-0.30960750579833984,0.13490082323551178,0.5215282440185547,9.79184341430664,0.01091896090656519,-0.011717909015715122,0.10626012831926346,128.6999969482422,-51.65999984741211,-18.299999237060547,0.9490506739165099,0.4713102026096685,-0.373532533994409,0.8662666465950724,0,23:51:53,0.017378333
0.3345896899700165,0.8409633636474609,9.617507934570313,0.19853270053863525,0.31507694721221924,-0.1740865707397461,0.13605698943138123,0.5258864164352417,9.791594505310059,0.008788431994616985,-0.015978965908288956,-0.009054748341441154,128.6999969482422,-51.720001220703125,-18.239999771118164,0.7930703980205323,0.119530013713117,-0.32736803452363494,0.4110898319828157,0,23:51:53,0.019976667
0.5632359385490417,1.149815320968628,9.445724487304688,0.4237678647041321,0.610874593257904,-0.3451118469238281,0.13946805894374847,0.5389407277107239,9.790836334228516,0.004261057823896408,-0.016777915880084038,-0.19654129445552826,128.6999969482422,-51.720001220703125,-18.18000030517578,0.21823373068469998,-0.30905689606022335,-0.16078786675510826,0.8196640523599197,0,23:51:53,0.02195401
0.15023615956306458,0.9816226959228516,9.469666481018066,0.007929608225822449,0.4332430958747864,-0.3206052780151367,0.14230655133724213,0.5483796000480652,9.790271759033203,-7.989483419805765E-4,-0.019707392901182175,-0.37870150804519653,128.63999938964844,-51.720001220703125,-18.18000030517578,0.408796441010578,-0.6360620430225818,-0.31648015400606067,0.5390270893943527,0,23:51:53,0.019416041
-0.31184476613998413,0.2645592987537384,9.267355918884277,-0.4435598850250244,-0.2834065854549408,-0.5230875015258789,0.13171511888504028,0.5479658842086792,9.790443420410156,0.004793690051883459,0.006924218963831663,-0.3118561804294586,128.5800018310547,-51.779998779296875,-18.1200008392334,-0.10837715940781134,0.48655827696323417,-0.5497278008710675,0.7420816656778605,0,23:51:53,0.022056667
0.7086837291717529,1.5352818965911865,9.517550468444824,0.5821949243545532,0.9839573502540588,-0.27277183532714844,0.12648877501487732,0.5513245463371277,9.790322303771973,0.007190534844994545,-0.010120011866092682,-0.13209278881549835,128.4600067138672,-51.84000015258789,-18.18000030517578,0.24123305510731896,0.19536465036341788,-0.40463374139028835,1.1753839675658901,0,23:51:53,0.019964897
0.9115923047065735,1.8339585065841675,9.628880500793457,0.7669817805290222,1.251609444618225,-0.1593952178955078,0.14461053907871246,0.5823490619659424,9.788275718688965,0.004793690051883459,-0.018375812098383904,-0.34940674901008606,128.33999633789063,-51.84000015258789,-18.1200008392334,0.69834949513114,-0.916870174773182,-0.23061732184079553,1.4765480313924662,0,23:51:53,0.017531094
-0.353743314743042,2.009333848953247,9.406818389892578,-0.49710971117019653,1.3918330669403076,-0.3793210983276367,0.14336639642715454,0.6175007820129395,9.786139488220215,0.009054748341441154,-0.011717909015715122,-0.38056573271751404,128.27999877929688,-51.900001525878906,-18.1200008392334,0.8809697986903018,-1.1805021641998756,-0.10247630045878364,1.5258446339010612,0,23:51:53,0.021871406
-0.8619126081466675,0.7236474752426147,9.55825138092041,-0.9791303277015686,0.0756460428237915,-0.22626304626464844,0.11721770465373993,0.6480014324188232,9.784514427185059,5.32632227987051E-4,-0.017310546711087227,-0.03994741663336754,128.22000122070313,-51.959999084472656,-18.059999465942383,1.4714716813115025,-0.07281373351016285,-0.39707857106076294,1.0077765072300695,0,23:51:53,0.020448594
0.6344634294509888,-0.7823054194450378,9.433155059814453,0.5236161351203918,-1.4098243713378906,-0.3527688980102539,0.11084728688001633,0.627518892288208,9.785923957824707,0.015446335077285767,-0.017310546711087227,0.11078750342130661,128.16000366210938,-51.959999084472656,-18.059999465942383,-1.5074979333854728,0.009212249507498882,-0.3370310118332771,1.544740920148121,0,23:51:53,0.021593124
1.6089035272598267,0.4357447028160095,9.601945877075195,1.4214110374450684,-0.08915120363235474,-0.18885135650634766,0.1874924898147583,0.5248959064483643,9.790797233581543,-0.0029294772539287806,-0.018375812098383904,-0.707868218421936,128.0399932861328,-52.08000183105469,-18.0,-1.824341113050739,-0.6559997038745742,-0.13608015546932561,1.4366704943493656,0,23:51:53,0.020415729
0.4902127981185913,1.3569138050079346,9.455301284790039,0.2906273603439331,0.8152048587799072,-0.33434200286865234,0.1995854377746582,0.5417089462280273,9.789643287658691,0.009321063756942749,-0.01438106968998909,-0.9515475034713745,127.9800033569336,-52.08000183105469,-17.8799991607666,-0.6113731182599906,-1.295601298067341,-0.1079907282487188,0.9277972834844219,0,23:51:53,0.017460156
-0.39145198464393616,1.0905588865280151,9.506776809692383,-0.5753499269485474,0.5303125381469727,-0.28212928771972656,0.1838979572057724,0.5602463483810425,9.78890609741211,0.007190534844994545,-0.01571265049278736,-0.7254450917243958,127.91999816894531,-52.08000183105469,-17.81999969482422,0.6433208221144717,-0.5894537760467813,-0.31542115437803986,0.8317787335252227,0,23:51:53,0.020401354
-0.3447650372982025,0.22505496442317963,9.434351921081543,-0.5038100481033325,-0.34518736600875854,-0.3544120788574219,0.1590449959039688,0.5702423453330994,9.788763999938965,0.011717909015715122,-0.018908444792032242,-0.2836266756057739,127.91999816894531,-52.08000183105469,-17.8799991607666,0.6998790939893738,0.3214233875107553,-0.31418479259751964,1.3480005253744933,0,23:51:53,0.020207031
1.304241418838501,-0.35733461380004883,9.517550468444824,1.127523422241211,-0.879066526889801,-0.2736167907714844,0.17671802639961243,0.5217319130897522,9.791167259216309,0.015446335077285767,-0.019174760207533836,-0.08575379103422165,127.91999816894531,-52.08000183105469,-17.8799991607666,-1.3197810642755625,-6.435320369817532E-4,-0.274377331521501,1.4556555824070183,0,23:51:53,0.019924219
0.8206126093864441,0.4704606235027313,9.351153373718262,0.6166066527366638,-0.04228898882865906,-0.4399576187133789,0.20400595664978027,0.5127496123313904,9.79111099243164,0.013315806165337563,-0.003195793367922306,-0.3970773220062256,127.9800033569336,-52.08000183105469,-17.940000534057617,-1.238444676700631,-0.7348572698103322,-0.21253954246003115,0.7586532996298178,0,23:51:53,0.020436615
-0.3842693865299225,0.21966800093650818,8.64366626739502,-0.5836439728736877,-0.2888742983341217,-1.1477603912353516,0.19937457144260406,0.5085422992706299,9.791426658630371,0.009853696450591087,-0.009853696450591087,-0.3435477912425995,128.10000610351563,-52.02000045776367,-17.940000534057617,-0.2763046639076343,-0.5792570571809526,-0.4045637495806124,1.319637284634888,0,23:51:53,0.019467344
-0.3932476341724396,0.41958385705947876,9.546878814697266,-0.578744649887085,-0.08867067098617554,-0.24483489990234375,0.185496985912323,0.5082545280456543,9.79171371459961,0.011717909015715122,-0.004261057823896408,0.13129384815692902,128.22000122070313,-52.02000045776367,-17.940000534057617,-0.07642274395888471,0.5887155372961708,-1.1785652474260488,0.6346274386411714,0,23:51:53,0.020657447
0.1538274586200714,0.6332663297653198,9.479841232299805,-0.034897834062576294,0.12237346172332764,-0.3116731643676758,0.1887252926826477,0.5108928680419922,9.79151439666748,0.022104237228631973,-0.004261057823896408,0.3885551989078522,128.5800018310547,-52.02000045776367,-17.8799991607666,0.12636945893742535,0.5570643419630539,-0.276517677402485,0.3366500918511238,0,23:51:53,0.019627344
0.4513070285320282,0.7194576263427734,9.498396873474121,0.2553490996360779,0.2069876790046692,-0.2928934097290039,0.19595791399478912,0.5124699473381042,9.791290283203125,0.01810949668288231,-0.011185277253389359,0.3821636140346527,128.75999450683594,-52.02000045776367,-17.8799991607666,0.12060842675011951,-0.028916212546576503,-0.31297082818323585,0.440265387473712,0,23:51:53,0.02002276
0.4884171485900879,-0.0802057534456253,9.385271072387695,0.2813228666782379,-0.585139811038971,-0.40618133544921875,0.20709428191184998,0.5049340724945068,9.791452407836914,0.016777915880084038,-0.013582121580839157,0.23995082080364227,129.0,-51.959999084472656,-17.8799991607666,0.09282729826187719,-0.3285173436716242,-0.27801629202729694,0.7658423016823339,0,23:51:53,0.022569062
0.04369417950510979,-0.1759738177061081,9.72285270690918,-0.16590532660484314,-0.6662352085113525,-0.06929206848144531,0.20959950983524323,0.49026137590408325,9.792144775390625,0.01810949668288231,-0.013582121580839157,0.14221280813217163,129.17999267578125,-51.959999084472656,-17.760000228881836,-0.6559615696840746,-0.0674561287684039,-0.38945922974423286,0.6900690698839228,0,23:51:53,0.019415417
-0.20709845423698425,0.9331400990486145,9.55825138092041,-0.4072442352771759,0.44164857268333435,-0.23402976989746094,0.20014578104019165,0.49149152636528015,9.792281150817871,0.012250540778040886,-0.01091896090656519,0.2540655732154846,129.36000061035156,-51.959999084472656,-17.700000762939453,-0.560526954379899,0.3950303900190981,-0.07717461840603679,0.6447257262727902,0,23:51:53,0.018251094
-0.35434186458587646,1.9584569931030273,9.526528358459473,-0.5456802845001221,1.4381461143493652,-0.26443958282470703,0.1913384050130844,0.5203108191490173,9.79096794128418,0.015978965908288956,-0.012250540778040886,0.39681100845336914,129.5399932861328,-51.959999084472656,-17.579999923706055,0.5551332157080502,0.20484570289881088,-0.2560011894651756,1.560756070651278,0,23:51:53,0.020037864
0.08200141042470932,1.6729484796524048,9.496601104736328,-0.11029493063688278,1.1233329772949219,-0.29274654388427734,0.1922963410615921,0.5496154427528381,9.789347648620605,0.002130528911948204,-0.01997370831668377,0.4476773738861084,129.83999633789063,-52.02000045776367,-17.459999084472656,1.080311501681655,-0.3238423764713092,-0.2963030954739834,0.5494467356837792,0,23:51:53,0.022061406
0.43095630407333374,0.7266402244567871,9.62947940826416,0.225851371884346,0.16297513246536255,-0.15880966186523438,0.20510493218898773,0.5636650919914246,9.788289070129395,0.020506341010332108,-0.012783173471689224,0.3334277868270874,129.9600067138672,-52.02000045776367,-17.34000015258789,0.4946447408363397,-0.10571869162574687,-0.21457356463027608,0.32060917748232615,0,23:51:53,0.020382292
0.7529764175415039,1.0396820306777954,9.566631317138672,0.5313704013824463,0.46751564741134644,-0.22080421447753906,0.22160598635673523,0.572166383266449,9.787435531616211,0.014913702383637428,-0.011984225362539291,0.0788295716047287,130.13999938964844,-52.08000183105469,-17.280000686645508,0.06626157254661269,-0.2784429259746899,-0.14446169784244378,0.7414039959231644,0,23:51:53,0.019550104
0.3818751573562622,1.2868833541870117,9.38167953491211,0.15456168353557587,0.6930074095726013,-0.40433216094970703,0.22731347382068634,0.5938759446144104,9.786011695861816,0.017843179404735565,-0.006924218963831663,-0.16138756275177002,130.25999450683594,-52.08000183105469,-17.219999313354492,0.23716519153664706,-0.6770924642698706,-0.18702522637039753,0.8170881715691022,0,23:51:53,0.019862188
0.14425064623355865,1.148618221282959,9.428964614868164,-0.07652166485786438,0.5506545901298523,-0.3569478988647461,0.22077231109142303,0.5979636311531067,9.78591251373291,0.01571265049278736,-0.006924218963831663,-0.16831178963184357,130.44000244140625,-52.08000183105469,-17.100000381469727,0.5800334918316792,-0.4202670734751397,-0.3931537248609095,0.6606722677149783,0,23:51:53,0.02381177
-0.13587094843387604,-1.5310919284820557,9.534908294677734,-0.33821243047714233,-2.0806360244750977,-0.2542409896850586,0.2023414671421051,0.5495441555976868,9.789149284362793,0.004793690051883459,-0.015446335077285767,0.2508697807788849,130.55999755859375,-52.13999938964844,-16.920000076293945,-0.39060869504359985,0.7618934210471142,-0.26347445605319963,2.1232221728563485,0,23:51:53,0.016163802
0.3489548861980438,-0.8607155084609985,9.403226852416992,0.14124861359596252,-1.3733545541763306,-0.38781261444091797,0.2077062726020813,0.512639045715332,9.79103946685791,0.01065264455974102,-0.018375812098383904,0.35712990164756775,130.6199951171875,-52.20000076293945,-16.860000610351563,-1.8201023999819004,1.0577672243642127,-0.2764550640968444,1.43403365589485,0,23:51:54,0.020024635
0.4776432514190674,-1.2120646238327026,9.493608474731445,0.2565276622772217,-1.6841070652008057,-0.2991781234741211,0.2211155891418457,0.47204238176345825,9.792786598205566,0.020506341010332108,-0.014647386036813259,0.2886866629123688,130.6199951171875,-52.20000076293945,-16.739999771118164,-1.3383514720210608,0.34946957649761856,-0.37833680533669467,1.7296041738323205,0,23:51:54,0.020193646
0.26755204796791077,-0.9612720012664795,9.534309387207031,0.0404011607170105,-1.3972431421279907,-0.2600116729736328,0.22715088725090027,0.43597114086151123,9.794321060180664,0.013049489818513393,-0.010120011866092682,0.22636869549751282,130.55999755859375,-52.2599983215332,-16.68000030517578,-1.6679538858156189,0.36247587833719663,-0.27941264913838193,1.4218040378665162,0,23:51:54,0.0200725
-0.1322796493768692,-0.09816227108240128,9.507973670959473,-0.347149133682251,-0.4950210452079773,-0.2882871627807617,0.21486948430538177,0.3968587815761566,9.796260833740234,0.007723167538642883,-0.014647386036813259,0.3997404873371124,130.5,-52.380001068115234,-16.5,-1.3206703245785274,0.46334534095860036,-0.2503345930940879,0.6698267271760041,0,23:51:54,0.02007224
0.24839842319488525,-0.17657238245010376,9.616909980773926,0.030862346291542053,-0.5614951848983765,-0.17976760864257813,0.2175360769033432,0.3849228322505951,9.796677589416504,0.012783173471689224,-0.017843179404735565,0.4090615510940552,130.44000244140625,-52.439998626708984,-16.5,-0.33919658198420066,0.4928894025936277,-0.30112060549047287,0.5903776081456276,0,23:51:54,0.01956401
0.5129576921463013,0.4842272996902466,9.505578994750977,0.29092785716056824,0.10054153203964233,-0.291046142578125,0.22202983498573303,0.38368576765060425,9.796625137329102,0.01065264455974102,-0.011984225362539291,0.3001382648944855,130.32000732421875,-52.5,-16.559999465942383,-0.5373335279831206,0.17112393194347675,-0.17474271024898774,0.423621853598849,0,23:51:54,0.020702344
0.5213374495506287,0.42197805643081665,9.39245319366455,0.29577410221099854,0.045076072216033936,-0.4043550491333008,0.22556334733963013,0.3769019842147827,9.796808242797852,0.014114754274487495,-0.012250540778040886,0.13342437148094177,130.1999969482422,-52.560001373291016,-16.6200008392334,-0.020326235411499027,-0.31864364149516256,-0.2784035733400019,0.5030081287461877,0,23:51:54,0.019477188
0.7350199222564697,0.4213795065879822,9.3643217086792,0.4950678050518036,0.04122743010520935,-0.4320182800292969,0.23995211720466614,0.3801520764827728,9.796339988708496,0.001597896683961153,-0.006657903082668781,-0.14993597567081451,130.02000427246094,-52.7400016784668,-16.739999771118164,-0.07659408755797514,-0.3067847339738581,-0.39119513688781654,0.6583552436727169,0,23:51:54,0.019992708
0.28371289372444153,-0.1777694821357727,9.351153373718262,0.041957467794418335,-0.5415903329849243,-0.44576358795166016,0.2417554259300232,0.3638208508491516,9.796916961669922,0.010120011866092682,-0.009853696450591087,-0.4844290018081665,129.60000610351563,-52.97999954223633,-16.920000076293945,-0.5291261954051585,-0.11839553711008577,-0.22245578991286102,0.7026988645429693,0,23:51:54,0.020225469
0.17477671802043915,-0.18136078119277954,9.423578262329102,-0.06282496452331543,-0.5417748689651489,-0.373565673828125,0.23760168254375458,0.3604141175746918,9.797143936157227,0.004793690051883459,-0.021038973703980446,-0.5230448246002197,129.36000061035156,-53.15999984741211,-17.040000915527344,-0.5289392057501807,0.14705700194766536,-0.43861514961972503,0.6610735945961094,0,23:51:54,0.020063646
0.19033902883529663,0.2190694510936737,9.443329811096191,-0.04571542143821716,-0.14273378252983093,-0.35380077362060547,0.2360544502735138,0.36180323362350464,9.797130584716797,0.010386328212916851,-0.013582121580839157,-0.5187838077545166,129.1199951171875,-53.34000015258789,-17.100000381469727,-0.487592889118865,0.2479206866280741,-0.371223386161053,0.38423667165834885,0,23:51:54,0.019787083
0.690727174282074,-0.2148796021938324,9.578003883361816,0.451482355594635,-0.559184193611145,-0.2196798324584961,0.23924483358860016,0.344304621219635,9.797683715820313,-7.989483419805765E-4,-0.020772656425833702,-0.5640575289726257,128.8800048828125,-53.52000045776367,-17.15999984741211,-0.123485240997673,0.08309460369082089,-0.3542379258773408,0.7515201318573042,0,23:51:54,0.021524323
0.32620999217033386,-0.2579752206802368,9.551069259643555,0.0817394107580185,-0.5900055170059204,-0.24690914154052734,0.24447058141231537,0.3320302963256836,9.797978401184082,0.007456851191818714,-0.027164243161678314,-0.6769755482673645,128.6999969482422,-53.70000076293945,-17.280000686645508,-0.6936332190306711,-0.2132000791347295,-0.19545123269739795,0.6447883106452627,0,23:51:54,0.018362449
-0.23283611238002777,0.5692214369773865,9.54209041595459,-0.4508153200149536,0.2301594614982605,-0.2562713623046875,0.21797920763492584,0.339061975479126,9.798361778259277,-0.0034621094819158316,-0.023968450725078583,-0.3163835406303406,128.27999877929688,-54.060001373291016,-17.520000457763672,-0.5827518244832315,0.14076133405597968,-0.23735742766036683,0.5673471967101403,0,23:51:54,0.0157625
-0.0802057534456253,0.4686649739742279,9.4822359085083,-0.2908645272254944,0.1260896623134613,-0.3161640167236328,0.21065877377986908,0.3425753116607666,9.798399925231934,-2.663161139935255E-4,-0.019707392901182175,-0.1595233529806137,128.16000366210938,-54.2400016784668,-17.639999389648438,0.3796313509421232,0.3187582477402007,-0.27596387143844847,0.4477281112586685,0,23:51:54,0.022534323
0.31364041566848755,-0.17657238245010376,9.57201862335205,0.1018129289150238,-0.5180988907814026,-0.2263936996459961,0.21182748675346375,0.34152650833129883,9.798412322998047,0.008788431994616985,-0.024501081556081772,-0.13076120615005493,128.0399932861328,-54.41999816894531,-17.760000228881836,0.221458084504782,0.20860159071004603,-0.3284845810208633,0.574496684379098,0,23:51:54,0.019787968
-0.45250412821769714,-1.006163239479065,9.48762321472168,-0.6494666934013367,-1.319840669631958,-0.3120298385620117,0.19696255028247833,0.3136774003505707,9.799653053283691,0.0034621094819158316,-0.017310546711087227,-0.1113201379776001,127.9800033569336,-54.599998474121094,-17.81999969482422,-0.5219954924615235,0.0985989806750176,-0.21873596822693092,1.5037117407286664,0,23:51:54,0.017584011
-0.8146271109580994,0.07541735470294952,9.434351921081543,-0.9336298704147339,-0.18426395952701569,-0.3681373596191406,0.11900275945663452,0.2596813142299652,9.802489280700684,0.008788431994616985,-0.0018642127979546785,0.39201730489730835,127.9800033569336,-55.02000045776367,-18.059999465942383,-0.9707401867059744,1.1005673007660555,-0.3279698811465892,1.0203641787413742,0,23:51:54,0.019297447
-0.7092822790145874,-0.06584054976701736,9.812037467956543,-0.8036553859710693,-0.3298017680644989,0.009394645690917969,0.09437310695648193,0.26396122574806213,9.802642822265625,0.06711166352033615,0.011984225362539291,0.6122607588768005,128.0399932861328,-55.2599983215332,-18.1200008392334,0.19132620013698975,0.9211393463135686,-0.39501857834036047,0.8687459035796576,0,23:51:54,0.019950053
0.14425064623355865,-0.34656068682670593,9.533112525939941,0.04786517471075058,-0.6145821809768677,-0.26940059661865234,0.09638547152280807,0.26802146434783936,9.802513122558594,0.06897587329149246,-0.001597896683961153,0.6495450139045715,128.10000610351563,-55.5,-18.18000030517578,0.012382246625266546,0.8685431226847209,-0.014108462564953628,0.6727399301237141,0,23:51:54,0.020325053
-0.3902548849582672,-0.43694180250167847,9.335591316223145,-0.47549551725387573,-0.6963958740234375,-0.4672555923461914,0.08524062484502792,0.25945404171943665,9.802846908569336,0.06924218684434891,0.012516857124865055,0.5661880373954773,128.27999877929688,-55.68000030517578,-18.239999771118164,-0.5863621518426838,0.19082867029209405,-0.2689664122586064,0.9640492668241538,0,23:51:54,0.019286458
-0.4357447028160095,0.09576806426048279,9.41759204864502,-0.5102823376655579,-0.16839072108268738,-0.38521575927734375,0.07453763484954834,0.26415878534317017,9.802807807922363,0.06364955008029938,-0.002663161139935255,0.5744438767433167,128.4600067138672,-55.86000061035156,-18.360000610351563,-0.4562206867101626,0.6992508061629827,-0.4819770312913271,0.6611616143393341,0,23:51:54,0.018497812
0.3232172429561615,-1.5873557329177856,9.677363395690918,0.24578389525413513,-1.8151390552520752,-0.12633514404296875,0.07743334770202637,0.22778327763080597,9.803698539733887,0.018375812098383904,-0.02556634694337845,0.422377347946167,128.75999450683594,-56.34000015258789,-18.540000915527344,0.044105722140463044,0.5247058019606916,-0.399841489811424,1.8360555769605802,0,23:51:54,0.01628672
0.4728548228740692,-1.9949685335159302,9.48882007598877,0.38582080602645874,-2.1669375896453857,-0.3159360885620117,0.08703400194644928,0.17196910083293915,9.804756164550781,0.006391586735844612,-0.009321063756942749,0.14647386968135834,128.94000244140625,-56.52000045776367,-18.65999984741211,-1.7640554340816825,0.49381571180935246,-0.1239135156938308,2.22357635889504,0,23:51:54,0.01961573
0.24361002445220947,-1.2964602708816528,9.342175483703613,0.15299004316329956,-1.4294060468673706,-0.46315479278564453,0.09061998128890991,0.1329457312822342,9.805330276489258,0.008522115647792816,-0.01757686398923397,-0.10972224175930023,129.0,-56.7599983215332,-18.719999313354492,-2.1436252498663064,0.505595872553771,-0.3058366189129431,1.5103376980690197,0,23:51:54,0.019804635
-0.25498247146606445,-1.6484078168869019,9.50617790222168,-0.33796149492263794,-1.7323046922683716,-0.2997617721557617,0.08297902345657349,0.08389683067798615,9.805939674377441,0.014114754274487495,-0.020240023732185364,-0.22556975483894348,128.94000244140625,-57.41999816894531,-18.959999084472656,-1.3751396635233935,0.4265082351510907,-0.45629104564098893,1.7902387100471615,0,23:51:54,0.020419167
0.6338648796081543,-3.0813376903533936,9.479841232299805,0.5438028573989868,-3.0941169261932373,-0.3263874053955078,0.09006204456090927,0.012779135257005692,9.806228637695313,0.004793690051883459,-0.02822950854897499,-0.20692762732505798,128.94000244140625,-57.720001220703125,-19.020000457763672,-1.4490246232827761,1.0087495731624898,-0.2961522067140138,3.1584505440281316,0,23:51:54,0.01988151
1.0935516357421875,-3.1465795040130615,9.498396873474121,0.9788538217544556,-3.0885438919067383,-0.30741119384765625,0.11469783633947372,-0.058035582304000854,9.805808067321777,0.0023968450259417295,-0.049002163112163544,-0.5555354356765747,128.75999450683594,-58.02000045776367,-19.139999389648438,-3.04962553019047,0.7654804519909413,-0.2993907389042572,3.2544983974032875,0,23:51:54,0.02033849
0.5476736426353455,-3.201646327972412,9.476250648498535,0.410910964012146,-3.0726239681243896,-0.3285970687866211,0.13676269352436066,-0.12902238965034485,9.804847717285156,0.006924218963831663,-0.027430560439825058,-0.8194546699523926,128.63999938964844,-58.380001068115234,-19.260000228881836,-3.221341199149318,0.3783583395857022,-0.26751850533363214,3.1173453295156475,0,23:51:54,0.019518854
-0.07661445438861847,-3.4410665035247803,9.385271072387695,-0.21586206555366516,-3.230273723602295,-0.4181241989135742,0.1392476111650467,-0.21079273521900177,9.80339527130127,-7.989483419805765E-4,-0.026631612330675125,-0.8902947902679443,128.52000427246094,-58.68000030517578,-19.440000534057617,-2.971289418599488,0.9019239770648833,-0.27534405477035895,3.264367106570223,0,23:51:54,0.020460157
-0.6733692288398743,-19.613300323486328,9.909601211547852,-0.83660888671875,-19.32720184326172,0.10848426818847656,0.16323964297771454,-0.2860976457595825,9.801116943359375,0.0034621094819158316,0.007989482954144478,-0.3075951039791107,128.16000366210938,-59.400001525878906,-20.040000915527344,-2.851574979781466,1.5511272144109398,-0.3444067999250141,19.34560452288737,0,23:51:54,0.020092448
-2.3959972858428955,-14.9368257522583,10.104728698730469,-2.5668065547943115,-14.651850700378418,0.3037080764770508,0.17080934345722198,-0.28497520089149475,9.801020622253418,-0.004261057823896408,-0.023435818031430244,-0.9853696227073669,127.9800033569336,-59.7599983215332,-20.399999618530273,-17.155008221669632,8.917939429989069,0.654583197881891,14.878086685848821,0,23:51:54,0.020435261
-1.8800468444824219,-0.34416648745536804,9.065644264221191,-1.840238332748413,-0.055760324001312256,-0.7366828918457031,-0.039808571338653564,-0.2884061634540558,9.802327156066895,0.03435477986931801,0.06444849818944931,0.20373181998729706,127.80000305175781,-60.060001373291016,-20.760000228881836,-12.15948786455902,8.539348433698555,0.7640852893535617,1.9829997524426317,0,23:51:54,0.02032849
0.7775170207023621,3.7415387630462646,9.152434349060059,0.7446418404579163,3.643871307373047,-0.6536741256713867,0.03287516161799431,0.09766757488250732,9.806108474731445,0.011185277253389359,-0.0013315805699676275,0.6317018270492554,127.68000030517578,-60.36000061035156,-21.059999465942383,0.7419327596107443,1.7071280689555337,-0.6837671467026933,3.7761858320042148,0,23:51:54,0.019958854
-0.26994624733924866,3.4865562915802,9.429563522338867,-0.2751019597053528,3.0634424686431885,-0.3679533004760742,0.0051557207480072975,0.4231138229370117,9.797516822814941,0.008255799300968647,-0.01438106968998909,0.6191849708557129,127.55999755859375,-60.65999984741211,-21.360000610351563,2.977358800613901,-2.232363155102168,-0.6414577966052672,3.09770083743599,0,23:51:54,0.019975885
2.009333848953247,4.094683647155762,9.587580680847168,1.7476413249969482,3.0459487438201904,-0.15931987762451172,0.26169252395629883,1.0487349033355713,9.74690055847168,0.0034621094819158316,-0.024501081556081772,0.5480785369873047,127.37999725341797,-61.20000076293945,-21.959999084472656,2.3630282888970777,-1.8339326275324197,-0.7746589080715491,3.5153146052982476,0,23:51:54,0.01994125
0.5045779943466187,1.8052281141281128,9.498994827270508,0.2168864905834198,0.6826790571212769,-0.23894691467285156,0.28769150376319885,1.122549057006836,9.73794174194336,0.01091896090656519,-5.32632227987051E-4,0.23808661103248596,127.26000213623047,-61.439998626708984,-22.260000228881836,2.0396821093417348,-2.8615585218582495,0.0928348506371619,0.7551066632345806,0,23:51:54,0.020001303
-0.0975637212395668,0.15741875767707825,9.548076629638672,-0.3547877073287964,-0.8748935461044312,-0.20069503784179688,0.2572239935398102,1.032312273979187,9.748771667480469,0.010120011866092682,-0.011451592668890953,0.29401299357414246,127.19999694824219,-61.619998931884766,-22.559999465942383,0.523639876821683,-0.5068654478764909,-0.19767364214492344,0.9651898945291182,0,23:51:54,0.021371094
0.5285200476646423,-1.1174936294555664,9.513958930969238,0.23839032649993896,-1.9467628002166748,-0.25325775146484375,0.29012972116470337,0.8292691111564636,9.767216682434082,0.009054748341441154,-0.013582121580839157,0.3062635362148285,127.26000213623047,-61.79999923706055,-22.860000610351563,-0.6513359507550014,0.6650306707631337,-0.2551219794866564,1.977588136279454,0,23:51:54,0.018519947
1.3670891523361206,-1.6035165786743164,9.476848602294922,0.9698737263679504,-2.2022876739501953,-0.30344200134277344,0.39721542596817017,0.5987710952758789,9.780290603637695,0.007723167538642883,-0.016777915880084038,0.12463594228029251,127.31999969482422,-61.97999954223633,-23.15999984741211,-1.872016931288698,0.5870664396669341,-0.24851689711463854,2.425449049580453,0,23:51:54,0.01995125
0.16759411990642548,0.005985504016280174,9.529520988464355,-0.1877470165491104,-0.4824715852737427,-0.25850868225097656,0.3553411364555359,0.4884570837020874,9.788029670715332,0.005858954507857561,-0.017044231295585632,-0.001597896683961153,127.37999725341797,-62.15999984741211,-23.399999618530273,-2.415929959689615,0.04855393638590755,-0.20911214648965704,0.5786661486719148,0,23:51:54,0.019928229
0.16998831927776337,0.023343466222286224,9.47265911102295,-0.12411324679851532,-0.30866363644599915,-0.3239555358886719,0.2941015660762787,0.33200711011886597,9.796614646911621,0.007190534844994545,-0.013582121580839157,-0.0023968450259417295,127.44000244140625,-62.400001525878906,-23.8799991607666,-0.36439693617198055,0.36388190059074965,-0.2639304966654983,0.46435388199933647,0,23:51:55,0.01821526
0.152031809091568,0.03292027488350868,9.481637001037598,-0.11662888526916504,-0.24386242032051086,-0.3174247741699219,0.26866069436073303,0.27678269147872925,9.79906177520752,0.007190534844994545,-0.012516857124865055,-0.001065264455974102,127.44000244140625,-62.459999084472656,-24.059999465942383,-0.23411548850930508,0.23463250659515733,-0.32521074503887637,0.41692884786319534,0,23:51:55,0.019935887
0.14185644686222076,0.01735796220600605,9.475651741027832,-0.10414731502532959,-0.21146562695503235,-0.3252410888671875,0.24600376188755035,0.22882358729839325,9.80089282989502,0.007723167538642883,-0.01571265049278736,-0.002130528911948204,127.44000244140625,-62.52000045776367,-24.18000030517578,-0.17765302182192144,0.2020456693495758,-0.3185068305071982,0.4016791511865956,0,23:51:55,0.017790833
0.16340427100658417,-0.004788403399288654,9.539097785949707,-0.067916139960289,-0.1900530457496643,-0.2630729675292969,0.23132041096687317,0.18526464700698853,9.802170753479004,0.006924218963831663,-0.012783173471689224,-0.0029294772539287806,127.37999725341797,-62.52000045776367,-24.18000030517578,-0.15312416575690868,0.1782843781181782,-0.32575111414717806,0.331572237243259,0,23:51:55,0.020182968
0.15143325924873352,0.028730420395731926,9.458892822265625,-0.05618995428085327,-0.10201700031757355,-0.34468650817871094,0.2076232135295868,0.13074742257595062,9.803579330444336,0.006125270389020443,-0.01438106968998909,-0.0034621094819158316,127.26000213623047,-62.52000045776367,-24.059999465942383,-0.10656187934495387,0.10809838895275625,-0.2932459587337354,0.3638317856321967,0,23:51:55,0.01938875
0.16220717132091522,0.02513911761343479,9.479243278503418,-0.0379229336977005,-0.08624012768268585,-0.32473182678222656,0.20013010501861572,0.1113792434334755,9.803975105285645,0.007723167538642883,-0.013315806165337563,-0.003195793367922306,127.19999694824219,-62.459999084472656,-24.0,-0.07441404945445029,0.09058921236707818,-0.34442664435872267,0.33812167609943045,0,23:51:55,0.020155782
0.1586158573627472,0.013168109580874443,9.488221168518066,-0.03469221293926239,-0.08006293326616287,-0.31608009338378906,0.19330807030200958,0.09323104470968246,9.804301261901855,0.005858954507857561,-0.013582121580839157,-0.0034621094819158316,127.13999938964844,-62.459999084472656,-24.0,-0.06754269681691172,0.0681770178982779,-0.32421618755343146,0.32790280321355897,0,23:51:55,0.020156822
0.15981295704841614,0.020350715145468712,9.493009567260742,-0.028183922171592712,-0.059512458741664886,-0.31151390075683594,0.18799687922000885,0.07986317574977875,9.804523468017578,0.007190534844994545,-0.01438106968998909,-0.004793690051883459,127.0199966430664,-62.459999084472656,-23.940000534057617,-0.06297395040337594,0.06327906091718671,-0.3155158934911138,0.3183975134626409,0,23:51:55,0.019637865
0.15263035893440247,0.015562310814857483,9.493009567260742,-0.0230235755443573,-0.04361140355467796,-0.3118886947631836,0.17565393447875977,0.059173714369535446,9.804898262023926,0.006924218963831663,-0.013848437927663326,-0.004261057823896408,126.9000015258789,-62.400001525878906,-23.8799991607666,-0.032598706258858634,0.05555330794672397,-0.3331538714305149,0.3157635151057481,0,23:51:55,0.020294062
0.13826514780521393,0.018555063754320145,9.516353607177734,-0.031119227409362793,-0.033191654831171036,-0.2886972427368164,0.16938437521457672,0.05174671858549118,9.80505084991455,0.006391586735844612,-0.013848437927663326,-0.002130528911948204,126.77999877929688,-62.34000015258789,-23.8799991607666,-0.034646307995690684,0.03796132357911319,-0.31155283459631866,0.2922604835225377,0,23:51:55,0.019807344
0.1496376097202301,0.03711012750864029,9.5223388671875,-0.016796797513961792,-0.012118376791477203,-0.2827749252319336,0.1664344072341919,0.04922850430011749,9.805113792419434,0.006657903082668781,-0.012783173471689224,-0.003195793367922306,126.72000122070313,-62.34000015258789,-23.81999969482422,-0.021125194364079558,0.04101640119428274,-0.2885958689954701,0.28353244224023266,0,23:51:55,0.01999776
0.16639702022075653,0.0071826050989329815,9.451709747314453,-0.0011328309774398804,-0.03440137952566147,-0.3534212112426758,0.1675298511981964,0.04158398509025574,9.805130958557129,0.007456851191818714,-0.013582121580839157,-0.002130528911948204,126.66000366210938,-62.34000015258789,-23.81999969482422,-0.008298382192680975,0.01899472807558822,-0.2827737108689652,0.35509335501461037,0,23:51:55,0.025811146
0.16759411990642548,0.01735796220600605,9.472060203552246,-9.208172559738159E-4,-0.019924884662032127,-0.3330707550048828,0.1685149371623993,0.03728284686803818,9.805130958557129,0.008788431994616985,-0.012250540778040886,-0.003195793367922306,126.5999984741211,-62.34000015258789,-23.81999969482422,-0.03642860156455985,0.01465443493056573,-0.3529157089949841,0.333667464360457,0,23:51:55,0.020278906
0.1562216579914093,0.012569558806717396,9.461286544799805,-0.011005118489265442,-0.02028081938624382,-0.34388256072998047,0.16722677648067474,0.03285037726163864,9.805169105529785,0.007989482954144478,-0.013049489818513393,-0.003195793367922306,126.4800033569336,-62.34000015258789,-23.81999969482422,-0.019224049575712998,0.017660467243404532,-0.34366579393764585,0.3050409076661583,0,23:51:55,0.021996353
0.15502455830574036,0.023942016065120697,9.50737476348877,-0.009057164192199707,-0.003181746229529381,-0.2978658676147461,0.16408172249794006,0.027123762294650078,9.805240631103516,0.007456851191818714,-0.012516857124865055,-0.0034621094819158316,126.4800033569336,-62.34000015258789,-23.81999969482422,-0.02011151576417891,0.0217654938100329,-0.3035979861256309,0.2980205208071401,0,23:51:55,0.017869375
0.1586158573627472,0.0065840547904372215,9.495404243469238,-0.00530831515789032,-0.016804613173007965,-0.3098478317260742,0.1639241725206375,0.023388667032122612,9.805252075195313,0.007456851191818714,-0.011451592668890953,-0.003728425595909357,126.4800033569336,-62.34000015258789,-23.81999969482422,-0.0038491393824698905,0.008708524713742893,-0.2978683831376553,0.31034859764313344,0,23:51:55,0.02202521
0.1759738177061081,0.02992752194404602,9.534908294677734,0.00891953706741333,0.005127960816025734,-0.27028751373291016,0.16705428063869476,0.024799561128020287,9.805195808410645,0.006391586735844612,-0.014913702383637428,-0.003728425595909357,126.4800033569336,-62.34000015258789,-23.81999969482422,-0.017922868599952402,0.011432327275384235,-0.30961964084074356,0.270483260486755,0,23:51:55,0.0176
0.1604115068912506,0.046088382601737976,9.514557838439941,-0.006359457969665527,0.009659510105848312,-0.2906160354614258,0.16717761754989624,0.031640470027923584,9.805173873901367,0.006657903082668781,-0.012250540778040886,-0.002663161139935255,126.4800033569336,-62.34000015258789,-23.760000228881836,0.012289759821038526,-0.002786467568684281,-0.3393654908775156,0.29078793518760915,0,23:51:55,0.022412447
0.16220717132091522,0.033518824726343155,9.498994827270508,-0.004951164126396179,0.0012728869915008545,-0.30617809295654297,0.1671583354473114,0.0322459377348423,9.80517292022705,0.006391586735844612,-0.013049489818513393,-0.004261057823896408,126.54000091552734,-62.400001525878906,-23.760000228881836,0.004850877708611145,-0.002881091563919247,-0.29073318527783626,0.30622076819511296,0,23:51:55,0.019996407
0.15801730751991272,0.0077811554074287415,9.49121379852295,-0.00831778347492218,-0.020035671070218086,-0.31398582458496094,0.1663350909948349,0.027816826477646828,9.80519962310791,0.008255799300968647,-0.014114754274487495,-0.002663161139935255,126.54000091552734,-62.400001525878906,-23.760000228881836,-0.0018946820823457777,0.0028763799947260082,-0.3062013816806437,0.3147343509651711,0,23:51:55,0.019960416
0.17477671802043915,0.02513911761343479,9.475052833557129,0.005813702940940857,-0.0023838672786951065,-0.33010292053222656,0.1689630150794983,0.027522984892129898,9.805155754089355,0.006391586735844612,-0.012516857124865055,-0.0029294772539287806,126.54000091552734,-62.400001525878906,-23.700000762939453,-0.019641235787069444,0.015407810760653229,-0.3137427627001642,0.33016271762419425,0,23:51:55,0.020490312
0.14425064623355865,0.011372458189725876,9.503185272216797,-0.020874887704849243,0.003683723509311676,-0.3020162582397461,0.16658073663711548,0.025550762191414833,9.805201530456543,0.006125270389020443,-0.013049489818513393,-0.0023968450259417295,126.5999984741211,-62.400001525878906,-23.639999389648438,0.0075416842821773855,0.016251895268300398,-0.2950678711928114,0.30235317572974046,0,23:51:55,0.02190724
0.15562310814857483,0.010773907415568829,9.475651741027832,-0.00982232391834259,-0.012184766121208668,-0.3295755386352539,0.16544543206691742,0.022958673536777496,9.805227279663086,0.007989482954144478,-0.013315806165337563,-0.002663161139935255,126.5999984741211,-62.34000015258789,-23.639999389648438,-0.018566014538876074,0.004014671847626772,-0.3017559011837707,0.3299469385208827,0,23:51:55,0.01791823
0.15023615956306458,0.02274491637945175,9.476848602294922,-0.013289913535118103,-3.414694219827652E-4,-0.3284111022949219,0.16352607309818268,0.023086385801434517,9.805259704589844,0.006924218963831663,-0.013582121580839157,-0.004261057823896408,126.66000366210938,-62.34000015258789,-23.579999923706055,-0.012173426580467495,0.01341310987183189,-0.32944935113524193,0.3286800731923107,0,23:51:55,0.019908021
0.15143325924873352,0.021547814831137657,9.496601104736328,-0.010696560144424438,-0.0013968031853437424,-0.3086814880371094,0.16212981939315796,0.0229446180164814,9.805282592773438,0.007456851191818714,-0.01438106968998909,-0.002663161139935255,126.66000366210938,-62.34000015258789,-23.579999923706055,6.683225717485364E-5,0.011309827561518049,-0.3284854272870902,0.30886992167394023,0,23:51:55,0.0198875
0.1628057211637497,0.026336219161748886,9.494206428527832,-0.0016018003225326538,0.00513746403157711,-0.31104278564453125,0.16440752148628235,0.021198755130171776,9.805249214172363,0.006924218963831663,-0.013315806165337563,-0.0023968450259417295,126.72000122070313,-62.279998779296875,-23.520000457763672,-0.018957335285381793,0.004285789817281727,-0.31977340615991984,0.31108933411876855,0,23:51:55,0.020241615
0.14425064623355865,0.013766659423708916,9.485228538513184,-0.017257049679756165,-0.006211491301655769,-0.3200712203979492,0.16150769591331482,0.019978150725364685,9.805299758911133,0.006924218963831663,-0.015180018730461597,-0.0029294772539287806,126.72000122070313,-62.279998779296875,-23.459999084472656,1.0311756168546182E-4,-0.001493057695026112,-0.311085735707059,0.3205962796335489,0,23:51:55,0.019594218
0.16519992053508759,0.011372458189725876,9.472060203552246,0.003692224621772766,-0.00860569253563881,-0.3332395553588867,0.16150769591331482,0.019978150725364685,9.805299758911133,0.010120011866092682,-0.012783173471689224,-0.003195793367922306,126.72000122070313,-62.279998779296875,-23.459999084472656,-0.003261017715390113,0.017578203578640483,-0.32009740728133695,0.333371102110642,0,23:51:55,0.01916448
0.16759411990642548,0.008379706181585789,9.512163162231445,0.004384204745292664,-0.010148757137358189,-0.29311084747314453,0.1632099151611328,0.018528463318943977,9.80527400970459,0.006391586735844612,-0.01571265049278736,-0.002663161139935255,126.72000122070313,-62.279998779296875,-23.459999084472656,-0.014839511470994937,-2.1004112482492232E-4,-0.3330405979205403,0.28596954920758033,0,23:51:55,0.020380781
0.16759411990642548,0.011971008032560349,9.498396873474121,7.771551609039307E-4,-0.004480104893445969,-0.3068208694458008,0.16681696474552155,0.016451112926006317,9.805217742919922,0.007723167538642883,-0.013049489818513393,-0.0023968450259417295,126.77999877929688,-62.279998779296875,-23.459999084472656,-0.00944087622184503,-0.004561377280068585,-0.28577725414136534,0.3068545603986969,0,23:51:55,0.019876667
0.16579847037792206,0.028131870552897453,9.525331497192383,-0.0020802170038223267,0.012403624132275581,-0.27986907958984375,0.16787868738174438,0.015728246420621872,9.805200576782227,0.008255799300968647,-0.014647386036813259,-0.0018642127979546785,126.77999877929688,-62.279998779296875,-23.459999084472656,-0.009584182517723416,7.569407064683675E-4,-0.3067039175401222,0.2801515284714043,0,23:51:55,0.019629688
0.14844051003456116,0.02214636653661728,9.477447509765625,-0.019861862063407898,0.003923006355762482,-0.3277416229248047,0.16830237209796906,0.018223360180854797,9.80518913269043,0.007456851191818714,-0.012516857124865055,-0.002663161139935255,126.83999633789063,-62.279998779296875,-23.520000457763672,0.007262411828109272,-0.004033727653380836,-0.28002833097859886,0.3283663425823025,0,23:51:55,0.022014427
0.15143325924873352,0.013168109580874443,9.501389503479004,-0.01631411910057068,-0.00710572674870491,-0.3038043975830078,0.1677473783493042,0.020273836329579353,9.805193901062012,0.006391586735844612,-0.011984225362539291,-0.0034621094819158316,126.83999633789063,-62.279998779296875,-23.520000457763672,0.00662508576899512,0.015508289849373025,-0.32793300370445,0.29299512422877166,0,23:51:55,0.020370677
0.14784196019172668,0.01735796220600605,9.492411613464355,-0.017274409532546997,8.255504071712494E-4,-0.3127861022949219,0.1680152714252472,0.016165373846888542,9.805197715759277,0.007723167538642883,-0.011185277253389359,-0.002130528911948204,126.9000015258789,-62.279998779296875,-23.520000457763672,0.003407186339912549,0.014660811250371664,-0.2926082631217787,0.31287264107933743,0,23:51:55,0.021888489
0.15741875767707825,0.005985504016280174,9.500192642211914,-0.010382786393165588,-0.00839281640946865,-0.3050117492675781,0.16780154407024384,0.014378320425748825,9.805204391479492,0.005858954507857561,-0.012250540778040886,-0.002130528911948204,126.9000015258789,-62.34000015258789,-23.579999923706055,0.001799355912168954,-0.0022152409618270696,-0.3128596300886765,0.30530379757192194,0,23:51:55,0.017895365
0.16759411990642548,0.004189853090792894,9.470264434814453,0.003665044903755188,-0.01132134348154068,-0.3350028991699219,0.1639290750026703,0.015511197037994862,9.805267333984375,0.006391586735844612,-0.014647386036813259,-0.0034621094819158316,126.9000015258789,-62.34000015258789,-23.579999923706055,-0.008192063480676248,0.012568243283155534,-0.30493496062706843,0.3352141820159559,0,23:51:55,0.022077604
0.16519992053508759,0.011971008032560349,9.4822359085083,1.700073480606079E-4,-0.0016501015052199364,-0.3230161666870117,0.16502991318702698,0.013621109537780285,9.805252075195313,0.007723167538642883,-0.013315806165337563,-0.002130528911948204,126.95999908447266,-62.400001525878906,-23.579999923706055,-0.017378112991354833,0.0011560727468773457,-0.33476140963298884,0.2963295945955436,0,23:51:55,0.019706354
0.16101007163524628,0.010175357572734356,9.506776809692383,-0.007865101099014282,-0.003760548308491707,-0.29840946197509766,0.16887517273426056,0.013935905881226063,9.80518627166748,0.007989482954144478,-0.013582121580839157,-0.0029294772539287806,126.95999908447266,-62.400001525878906,-23.579999923706055,0.004728281998061357,0.008563387982170823,-0.2961680845916881,0.29853677920006016,0,23:51:55,0.022339948
0.15801730751991272,0.004189853090792894,9.501389503479004,-0.009357288479804993,-0.0051581677980721,-0.30382728576660156,0.1673745959997177,0.009348020888864994,9.805216789245605,0.005858954507857561,-0.012516857124865055,-0.0034621094819158316,127.0199966430664,-62.400001525878906,-23.579999923706055,-0.005056838867948166,0.008293429775955263,-0.2983787073537722,0.304015106728313,0,23:51:55,0.017894011
0.16519992053508759,0.025737667456269264,9.473258018493652,-0.001332208514213562,0.015669338405132294,-0.3319730758666992,0.16653212904930115,0.010068329982459545,9.805231094360352,0.007723167538642883,-0.012783173471689224,-0.0034621094819158316,127.0199966430664,-62.400001525878906,-23.579999923706055,-0.005703561312475958,0.010382646480666863,-0.3037842317261332,0.3323453415439686,0,23:51:55,0.022000729
0.14664486050605774,0.028131870552897453,9.459490776062012,-0.020242735743522644,0.013900798745453358,-0.34572887420654297,0.16688759624958038,0.014231071807444096,9.805219650268555,0.007456851191818714,-0.013848437927663326,-0.0034621094819158316,127.0199966430664,-62.400001525878906,-23.579999923706055,0.009019441631618275,-0.006034713103406197,-0.33216811827001563,0.34659984855199705,0,23:51:56,0.021816926
0.16759411990642548,0.028131870552897453,9.491812705993652,0.0023558735847473145,0.017706288024783134,-0.31343936920166016,0.16523824632167816,0.010425582528114319,9.805252075195313,0.006657903082668781,-0.013049489818513393,-0.003728425595909357,127.08000183105469,-62.400001525878906,-23.520000457763672,-0.0015443306841214088,0.023592911257449722,-0.3212305066390929,0.31394792711769653,0,23:51:56,0.017912084
0.15143325924873352,0.016759412363171577,9.467870712280273,-0.010543495416641235,0.0016991961747407913,-0.3374300003051758,0.16197675466537476,0.015060216188430786,9.80530071258545,0.006924218963831663,-0.013049489818513393,-0.001597896683961153,127.08000183105469,-62.400001525878906,-23.520000457763672,0.009585033596931525,-0.010232531441505821,-0.31363468341063466,0.3375989598165135,0,23:51:56,0.020411666
0.1562216579914093,0.005985504016280174,9.49001693725586,-0.006664052605628967,-0.005783310160040855,-0.3152732849121094,0.16288571059703827,0.01176881417632103,9.805290222167969,0.007723167538642883,-0.013848437927663326,-0.002663161139935255,127.08000183105469,-62.400001525878906,-23.520000457763672,5.861192902899548E-4,0.008205355684798465,-0.3374987095393914,0.3153967350065785,0,23:51:56,0.019927189
0.15921440720558167,0.03651157766580582,9.491812705993652,-0.006293147802352905,0.023290839046239853,-0.3134317398071289,0.16550755500793457,0.013220739550888538,9.805244445800781,0.007989482954144478,-0.012783173471689224,-0.0034621094819158316,127.13999938964844,-62.400001525878906,-23.459999084472656,-0.007501726894860283,0.008149524243608708,-0.3152021637796126,0.314358907001637,0,23:51:56,0.020115885
0.15143325924873352,0.03411737456917763,9.493009567260742,-0.012957334518432617,0.020409870892763138,-0.3122529983520508,0.16439059376716614,0.013707504607737064,9.805262565612793,0.006391586735844612,-0.014114754274487495,-0.0034621094819158316,127.19999694824219,-62.400001525878906,-23.459999084472656,0.018394215723180896,-0.005002824753582824,-0.31378040824792813,0.31318746834368655,0,23:51:56,0.020255312
0.16220717132091522,0.023343466222286224,9.504382133483887,-0.004472121596336365,0.007417052984237671,-0.3008384704589844,0.1666792929172516,0.015926413238048553,9.805220603942871,0.006924218963831663,-0.01571265049278736,-0.0023968450259417295,127.19999694824219,-62.400001525878906,-23.459999084472656,0.018789110311213886,0.0022399907697965293,-0.3126153222167825,0.30096311710016,0,23:51:56,0.019951198
0.1586158573627472,0.02513911761343479,9.473855972290039,-0.008196011185646057,0.009126529097557068,-0.3313617706298828,0.16681186854839325,0.016012588515877724,9.805217742919922,0.006657903082668781,-0.012783173471689224,-0.001597896683961153,127.26000213623047,-62.400001525878906,-23.459999084472656,0.003513045498409806,2.718617034753734E-4,-0.3009424836522752,0.3315887379988875,0,23:51:56,0.01999224
0.16519992053508759,0.0077811554074287415,9.50857162475586,0.0031761080026626587,-0.008313696831464767,-0.2967262268066406,0.16202381253242493,0.01609485223889351,9.8052978515625,0.007723167538642883,-0.014647386036813259,-0.0029294772539287806,127.26000213623047,-62.459999084472656,-23.459999084472656,0.003466334889152045,0.012322948811957002,-0.32729282096572315,0.29685966194812663,0,23:51:56,0.019990208
0.01496376097202301,0.06404489278793335,8.767566680908203,-0.14799290895462036,0.0499521940946579,-1.0377187728881836,0.16295666992664337,0.014092699624598026,9.805285453796387,0.03062635287642479,0.04767058417201042,-0.0023968450259417295,127.31999969482422,-62.459999084472656,-23.459999084472656,-0.013765004091192967,3.1266227744486397E-4,-0.2965401677408384,1.0494081066964742,0,23:51:56,0.01991625
0.19871874153614044,0.01735796220600605,9.616311073303223,0.023225247859954834,0.0037634940817952156,-0.18875885009765625,0.1754934936761856,0.013594468124210835,9.805069923400879,0.0029294772539287806,-0.02822950854897499,-0.004261057823896408,127.31999969482422,-62.459999084472656,-23.459999084472656,0.09261605546335705,0.10952228331159963,-1.0395596905937738,0.19021955608204302,0,23:51:56,0.019831979
0.1472434103488922,0.03711012750864029,9.457097053527832,-0.027008116245269775,0.023957297205924988,-0.3479957580566406,0.174251526594162,0.013152829371392727,9.805092811584473,0.001597896683961153,-0.006924218963831663,-0.003994741477072239,127.31999969482422,-62.459999084472656,-23.459999084472656,-0.010194529131647034,-0.022780240221378728,-0.18857520072967718,0.3498634563053806,0,23:51:56,0.019930313
