Acc0,Acc1,Acc2,LinearAcc0,LinearAcc1,LinearAcc2,Gravity0,Gravity1,Gravity2,Gyro0,Gyro1,Gyro2,MagnetData0,MagnetData1,MagnetData2,ConvertedData0,ConvertedData1,ConvertedData2,ResultantAcc,Timestamp,dt
0.17657238245010376,9.078214645385742,2.541445016860962,-0.2573035955429077,-0.6080875396728516,1.0726410150527954,0.4338759779930115,9.686302185058594,1.4688040018081665,0.1257012039422989,0.07270430028438568,0.05566006898880005,61.5,-37.68000030517578,-40.97999954223633,-0.744476409957417,0.893909594681189,0.03333348098511024,1.2595770493932403,20:51:16,0.018923022
0.5392939448356628,9.106346130371094,2.586336374282837,0.09090983867645264,-0.5808935165405273,1.1281380653381348,0.4483841061592102,9.687239646911621,1.4581983089447021,0.11451593041419983,0.13342437148094177,0.05938849225640297,61.5,-37.619998931884766,-40.97999954223633,-0.608699046778745,1.0780517613621399,0.23200016754069352,1.272162478141793,20:51:16,0.019440468
1.1456254720687866,9.978434562683105,2.736572504043579,0.6360495090484619,0.2935495376586914,1.2827935218811035,0.5095759630203247,9.684885025024414,1.4537789821624756,0.06578008085489273,0.2159823626279831,0.11717908829450607,61.439998626708984,-37.619998931884766,-40.91999816894531,-0.0011151100158430793,1.157818909782307,0.7227786490357317,1.461605120680872,20:51:16,0.020216146
1.0708067417144775,10.348937034606934,2.6605565547943115,0.5211398601531982,0.6674938201904297,1.198503851890564,0.5496668815612793,9.681443214416504,1.4620527029037476,0.013049489818513393,0.18455706536769867,0.14221280813217163,61.439998626708984,-37.619998931884766,-40.91999816894531,0.6291249959678371,1.176091869641482,0.5977449256739789,1.4674965883535906,20:51:16,0.019982656
0.768538773059845,10.137648582458496,2.941276788711548,0.18296414613723755,0.4608182907104492,1.4627641439437866,0.5855746269226074,9.676830291748047,1.4785126447677612,0.037284255027770996,0.13395699858665466,0.1462075412273407,61.439998626708984,-37.619998931884766,-40.91999816894531,0.9015009221669663,1.1163929273362996,0.3074237378666087,1.5445090859663557,20:51:16,0.019873386
0.44352585077285767,9.800664901733398,2.935291290283203,-0.1694207787513733,0.12656879425048828,1.4499540328979492,0.612946629524231,9.67409610748291,1.485337257385254,0.0601874403655529,0.14034859836101532,0.13688647747039795,61.439998626708984,-37.619998931884766,-40.91999816894531,0.5786994260414313,1.4233298361070226,0.15731378095223825,1.4652951093441113,20:51:16,0.020544844
-0.07841010391712189,9.59057331085205,3.2136173248291016,-0.7082429528236389,-0.07912826538085938,1.7068737745285034,0.6298328638076782,9.66970157623291,1.5067435503005981,0.057790596038103104,0.10439591854810715,0.060986388474702835,61.439998626708984,-37.68000030517578,-40.86000061035156,0.1235831880575855,1.460009574727125,0.013759912725337387,1.8496722533410375,20:51:16,0.02034224
0.08439560979604721,9.349956512451172,3.157952070236206,-0.5379124283790588,-0.31725215911865234,1.6322427988052368,0.6223080158233643,9.667208671569824,1.5257092714309692,0.04181163012981415,0.10546118021011353,0.010120011866092682,61.439998626708984,-37.68000030517578,-40.86000061035156,-0.2953513795394107,1.7989874534544104,-0.3125687326363735,1.7476313304932638,20:51:16,0.020990676
0.40701428055763245,8.804078102111816,2.8191723823547363,-0.2110022008419037,-0.8619289398193359,1.2840536832809448,0.6180164813995361,9.666007041931152,1.5351186990737915,0.06205165386199951,0.10040117800235748,-0.014913702383637428,61.439998626708984,-37.7400016784668,-40.86000061035156,-0.42962393949745525,1.6929324288695744,-0.06015103322556392,1.5608450556046787,20:51:16,0.020067239
0.6242880821228027,8.480262756347656,2.3989901542663574,0.005793452262878418,-1.1863946914672852,0.8682243824005127,0.6184946298599243,9.666657447814941,1.5307657718658447,0.08681905269622803,0.07989483326673508,-0.018642127513885498,61.439998626708984,-37.79999923706055,-40.79999923706055,-0.7764853897990038,1.2842610960613734,0.4289303260952284,1.4701630883087864,20:51:16,0.018703541
0.7924807667732239,8.683171272277832,2.60548996925354,0.1688113808631897,-0.9840145111083984,1.0801060199737549,0.6236693859100342,9.66718578338623,1.5253839492797852,0.09294432401657104,0.06471481919288635,-0.017044231295585632,61.439998626708984,-37.79999923706055,-40.79999923706055,-0.9858026925793677,0.8322380405729799,0.7049484099876295,1.470853784291417,20:51:16,0.019608282
0.8912416100502014,9.5624418258667,2.828749418258667,0.24691784381866455,-0.10378646850585938,1.305973768234253,0.6443237662315369,9.666228294372559,1.522775650024414,0.06631271541118622,0.02370213344693184,-0.001065264455974102,61.439998626708984,-37.91999816894531,-40.68000030517578,-0.14955860166344337,1.1198566560583814,0.6061124137338965,1.3331569809879669,20:51:16,0.020282344
0.8050503134727478,9.530718803405762,2.9017724990844727,0.15055501461029053,-0.13384056091308594,1.372683048248291,0.6544952988624573,9.664559364318848,1.5290894508361816,0.05060006305575371,0.009587380103766918,-0.00532632227987051,61.439998626708984,-37.97999954223633,-40.68000030517578,0.11054063425227945,1.2441654144570187,0.46598331677066085,1.387385620192906,20:51:16,0.020511198
0.5925649404525757,9.466673851013184,3.0125043392181396,-0.06476092338562012,-0.19598388671875,1.47265625,0.6573258638381958,9.662657737731934,1.5398480892181396,0.03568635880947113,-0.002130528911948204,-0.025832662358880043,61.439998626708984,-37.97999954223633,-40.619998931884766,0.04444575790159888,1.3253103834067357,0.4079411426168562,1.4870508033403596,20:51:16,0.019270729
0.5452794432640076,9.48462963104248,3.0633809566497803,-0.10698533058166504,-0.17551326751708984,1.505746603012085,0.6522647738456726,9.66014289855957,1.5576343536376953,0.011185277253389359,0.016511598601937294,-0.050333745777606964,61.439998626708984,-38.040000915527344,-40.560001373291016,-0.10428871390993066,1.4590298625286486,0.26772341223433216,1.519711683352019,20:51:16,0.020037969
0.6883329749107361,9.513958930969238,3.0807390213012695,0.04262655973434448,-0.14375972747802734,1.5054194927215576,0.6457064151763916,9.657718658447266,1.575319528579712,0.014913702383637428,0.04181163012981415,-0.06657902896404266,61.439998626708984,-38.15999984741211,-40.439998626708984,-0.10456549475876642,1.498712412208885,0.22902091428959892,1.4992206909590144,20:51:16,0.019734636
0.7625532150268555,9.731831550598145,3.0855274200439453,0.16931408643722534,-0.05159187316894531,1.5034294128417969,0.6309478282928467,9.65353775024414,1.6066386699676514,-7.989483419805765E-4,0.059122178703546524,-0.0836232602596283,61.439998626708984,-38.220001220703125,-40.31999969482422,-0.005310114926384557,1.4575231256065369,0.3510852082685645,1.5138127297129533,20:51:16,0.02017901
0.6434416770935059,9.6618013381958,2.9957449436187744,0.023120760917663574,0.011318206787109375,1.3668311834335327,0.6203209161758423,9.650483131408691,1.6289137601852417,-0.03435477986931801,0.02370213344693184,-0.08868326246738434,61.439998626708984,-38.220001220703125,-40.2599983215332,0.1292850268743937,1.4493267191217836,0.41757186356707265,1.3670735735126325,20:51:16,0.019866667
0.5081692934036255,9.65222454071045,2.961029052734375,-0.09884268045425415,0.005352973937988281,1.3059595823287964,0.6070119738578796,9.646871566772461,1.6550694704055786,-0.07030745595693588,-0.028495823964476585,-0.09693906456232071,61.439998626708984,-38.279998779296875,-40.20000076293945,0.10712490346601378,1.341230808990657,0.2418972543365978,1.309705677045712,20:51:16,0.019802969
0.5093663930892944,9.800664901733398,3.0382418632507324,-0.08327770233154297,0.1587972640991211,1.3490347862243652,0.5926440954208374,9.641867637634277,1.6892070770263672,-0.10572749376296997,-0.05512743443250656,-0.10492854565382004,61.439998626708984,-38.34000015258789,-40.13999938964844,0.04025379698966569,1.3024269650459104,0.1318818114477498,1.3608991884906119,20:51:16,0.019950363
0.5506663918495178,9.990405082702637,3.0651767253875732,-0.028583407402038574,0.35428905487060547,1.3389194011688232,0.5792497992515564,9.636116027832031,1.72625732421875,-0.12490225583314896,-0.07563377916812897,-0.10679276287555695,61.439998626708984,-38.400001525878906,-40.02000045776367,0.1844805042063733,1.3455389892832628,0.08682369973075055,1.3852952423242122,20:51:16,0.018672552
0.8924387097358704,10.45966911315918,3.2399535179138184,0.3273434042930603,0.8389444351196289,1.4254372119903564,0.5650953054428101,9.62072467803955,1.814516305923462,-0.18402443826198578,-0.07270430028438568,-0.09480853378772736,61.5,-38.400001525878906,-39.900001525878906,0.699467953640653,1.3599987313774777,0.06356100151038646,1.6860761296214366,20:51:16,0.020265052
0.8990227580070496,10.229227066040039,3.287238836288452,0.33245736360549927,0.6194438934326172,1.4161334037780762,0.5665653944015503,9.609783172607422,1.871105432510376,-0.2498045116662979,-0.14753912389278412,-0.08229167759418488,61.560001373291016,-38.459999084472656,-39.84000015258789,0.9773203763344993,1.3631040453665193,0.17217717979892555,1.581035247242312,20:51:16,0.021051354
0.8523358106613159,9.870695114135742,3.708618402481079,0.2787710428237915,0.27704811096191406,1.7584670782089233,0.5735647678375244,9.593647003173828,1.9501513242721558,-0.3219761848449707,-0.2016012966632843,-0.06151902303099632,61.560001373291016,-38.459999084472656,-39.779998779296875,0.7832918877546895,1.3434980142664452,0.28484906889841355,1.8018533278958244,20:51:16,0.019939687
0.8433575630187988,10.650007247924805,3.581725835800171,0.258516788482666,1.0753536224365234,1.543588399887085,0.5848407745361328,9.574653625488281,2.038137435913086,-0.3792341351509094,-0.19174760580062866,-0.034621093422174454,61.619998931884766,-38.459999084472656,-39.779998779296875,0.4735030565576519,1.6733193471710273,0.4716691502340513,1.8989158726706972,20:51:16,0.020341407
-0.016759412363171577,10.305841445922852,3.1058781147003174,-0.6048573851585388,0.7842302322387695,0.8336317539215088,0.5880979895591736,9.521611213684082,2.2722463607788086,-0.6623281836509705,-0.2588592767715454,-0.04021373391151428,61.7400016784668,-38.459999084472656,-39.84000015258789,1.7605234233134652,1.0359025818606398,-0.6672204253122374,1.294531349440542,20:51:16,0.019862812
-0.4207809567451477,9.097966194152832,1.8070237636566162,-0.9907564520835876,-0.4061260223388672,-0.5419180393218994,0.5699754953384399,9.5040922164917,2.3489418029785156,-0.47217845916748047,-0.13315805792808533,-0.05752427875995636,61.79999923706055,-38.459999084472656,-39.959999084472656,0.5067493397702654,0.9865955328830154,-0.6675670691317741,1.2000882695487611,20:51:16,0.021036614
-0.6362590789794922,8.085219383239746,1.12467622756958,-1.1781468391418457,-1.415196418762207,-1.2456669807434082,0.5418877601623535,9.500415802001953,2.3703432083129883,-0.23142869770526886,-0.07323693484067917,-0.06950850784778595,61.86000061035156,-38.459999084472656,-40.13999938964844,-0.8125279253790314,-0.30565002169274,-0.8286063061629143,2.2231727564837818,20:51:16,0.020464844
-0.7703344225883484,8.648454666137695,0.6482301354408264,-1.2799594402313232,-0.8628215789794922,-1.6854147911071777,0.5096250772476196,9.511276245117188,2.3336448669433594,-0.004527374170720577,-0.10492854565382004,-0.08229167759418488,61.91999816894531,-38.459999084472656,-40.380001068115234,-1.844334516582622,-0.9956535308249421,-0.7413506226512467,2.285471562691778,20:51:16,0.019278645
-1.061229944229126,9.582792282104492,1.602918028831482,-1.4995588064193726,0.03515434265136719,-0.5926922559738159,0.43832889199256897,9.547637939453125,2.195610284805298,0.17949706315994263,-0.26818034052848816,-0.1089232936501503,61.97999954223633,-38.34000015258789,-40.79999923706055,-0.7907419973729617,-1.1351359966108916,-1.324654671080566,1.6128225420077915,20:51:16,0.020292343
-1.5059528350830078,10.272322654724121,1.8405425548553467,-1.900803804397583,0.7069892883300781,-0.2851426601409912,0.3948509693145752,9.565333366394043,2.125685214996338,0.20772656798362732,-0.43303000926971436,-0.12357068061828613,62.040000915527344,-38.279998779296875,-41.040000915527344,-0.6508811299807271,-0.24422204191398933,-1.4553026020833641,2.0479734600961206,20:51:16,0.019965209
-1.413776159286499,10.533289909362793,2.3331496715545654,-1.7593063116073608,0.9559326171875,0.2535092830657959,0.3455301821231842,9.577357292175293,2.0796403884887695,0.1113201379776001,-0.39494678378105164,-0.14514228701591492,62.099998474121094,-38.099998474121094,-41.220001220703125,-0.2247734907926615,0.167771344487754,-2.0286757110141664,2.018225166641466,20:51:16,0.020125416
-0.4357447028160095,10.608109474182129,2.6168625354766846,-0.7456690073013306,1.0228080749511719,0.5684208869934082,0.30992433428764343,9.585301399230957,2.0484416484832764,0.11717908829450607,-0.21172131597995758,-0.14594122767448425,62.15999984741211,-37.91999816894531,-41.459999084472656,0.06819495882354687,0.6702222928150885,-1.9024678234778776,1.3875377225162013,20:51:16,0.019607187
0.3687070608139038,8.340800285339355,2.603694438934326,0.08689910173416138,-1.2563533782958984,0.607369065284729,0.28180795907974243,9.597153663635254,1.9963253736495972,0.16591493785381317,-7.989483419805765E-4,-0.06764429062604904,62.15999984741211,-37.619998931884766,-41.880001068115234,-0.17597601263161655,0.647100114726262,0.09942749208901258,1.3981675316293705,20:51:16,0.020307396
-0.02214636653661728,7.688978672027588,2.072780132293701,-0.30355390906333923,-1.9174561500549316,0.12151551246643066,0.28140753507614136,9.60643482208252,1.9512646198272705,0.2388855516910553,-0.09480853378772736,-0.018642127513885498,62.15999984741211,-37.5,-42.060001373291016,-1.0537884002736035,0.4898471935269413,0.7774651797167493,1.945134721005487,20:51:16,0.02036625
-0.3489548861980438,7.738658428192139,2.0847511291503906,-0.6322735548019409,-1.8786349296569824,0.18803048133850098,0.2833186388015747,9.617293357849121,1.8967206478118896,0.25539714097976685,-0.21225394308567047,0.012783173471689224,62.15999984741211,-37.380001068115234,-42.29999923706055,-1.8310642237646193,0.04468432886543372,0.6547943979349693,1.9910787299706576,20:51:16,0.02037625
-0.35494041442871094,8.356362342834473,2.557007312774658,-0.6438271999359131,-1.2692022323608398,0.7036119699478149,0.28888678550720215,9.625564575195313,1.8533953428268433,0.23542344570159912,-0.17283916473388672,0.037284255027770996,62.15999984741211,-37.2599983215332,-42.47999954223633,-1.9471332967560486,0.17462585089065463,0.3775876386620709,1.5875949024423397,20:51:16,0.019057083
-0.41718965768814087,8.561665534973145,3.003525972366333,-0.7083508372306824,-1.0690240859985352,1.177253246307373,0.2911611795425415,9.63068962097168,1.82627272605896,0.2063949853181839,-0.08921589702367783,0.041545312851667404,62.15999984741211,-37.13999938964844,-42.65999984741211,-1.4011484708295052,0.7235248726229422,0.1837174049658845,1.740832734926495,20:51:17,0.019901979
-0.5093663930892944,8.332420349121094,2.5300726890563965,-0.7936760783195496,-1.3069820404052734,0.7492934465408325,0.2843096852302551,9.639402389526367,1.780779242515564,0.14194649457931519,0.012783173471689224,0.0511326938867569,62.099998474121094,-36.900001525878906,-42.84000015258789,-1.4577542263933587,0.9542514005810645,0.07611326672947172,1.7028107470496159,20:51:17,0.0209275
-0.4082113802433014,8.592191696166992,2.8185739517211914,-0.6926011443138123,-1.0494279861450195,1.049851655960083,0.28438976407051086,9.641619682312012,1.7687222957611084,0.11291803419589996,0.023435818031430244,0.05938849225640297,62.099998474121094,-36.84000015258789,-42.84000015258789,-1.5057421668656572,0.7900483656776185,0.09015719416912304,1.6380427170044505,20:51:17,0.019965156
-0.3687070608139038,8.746617317199707,3.1908724308013916,-0.6538543701171875,-0.8948745727539063,1.4216254949569702,0.2851473093032837,9.641491889953613,1.7692469358444214,0.10599381476640701,0.0348874107003212,0.057790596038103104,62.040000915527344,-36.779998779296875,-42.779998779296875,-1.2230821905709655,1.0844354079695515,0.10608196541859627,1.8025939881721786,20:51:17,0.018964167
-0.3321954905986786,8.633491516113281,3.199850559234619,-0.6177639961242676,-1.0077629089355469,1.4293042421340942,0.2855684757232666,9.641254425048828,1.770546317100525,0.09960222989320755,0.057790596038103104,0.05086637660861015,62.040000915527344,-36.779998779296875,-42.720001220703125,-1.0584514124927071,1.4532126074431275,0.13114447690416675,1.8547584888917956,20:51:17,0.020948281
-0.3214215636253357,8.786121368408203,3.139995574951172,-0.6052206754684448,-0.8539724349975586,1.3628820180892944,0.28379911184310913,9.640093803405762,1.7771135568618774,0.05699164792895317,0.07616640627384186,0.047936901450157166,62.040000915527344,-36.720001220703125,-42.599998474121094,-1.1389592943096853,1.4476230682781122,0.2174577156105908,1.718431954131815,20:51:17,0.019536614
-0.13587094843387604,10.089165687561035,2.8610711097717285,-0.4207216501235962,0.45607566833496094,1.0465645790100098,0.28485068678855896,9.633090019226074,1.8145065307617188,-0.07137271761894226,0.20799288153648376,0.07616640627384186,61.91999816894531,-36.779998779296875,-42.36000061035156,-0.5489461950266104,1.342695248305949,-0.06566922025459832,1.21667955525204,20:51:17,0.021071042
-0.3669114112854004,11.170147895812988,3.04602313041687,-0.6525473594665527,1.5423259735107422,1.2038445472717285,0.28563597798347473,9.627821922302246,1.8421785831451416,-0.10998855531215668,0.16112124919891357,0.08202536404132843,61.91999816894531,-36.900001525878906,-42.2400016784668,0.22664449358441008,1.1313966835033167,-0.38585359450601686,2.062481311165874,20:51:17,0.019777864
-0.8517372608184814,11.91773796081543,3.208828926086426,-1.130645751953125,2.29428768157959,1.3429819345474243,0.2789084315299988,9.62345027923584,1.8658469915390015,-0.08735168725252151,0.0463390052318573,0.0836232602596283,61.86000061035156,-36.959999084472656,-42.119998931884766,1.0747005094000972,1.3988091000538247,-1.0687287968336392,2.8888953353796394,20:51:17,0.01991125
-1.1641805171966553,12.254721641540527,3.755305290222168,-1.4311003684997559,2.63674259185791,1.8596638441085815,0.266919881105423,9.617979049682617,1.8956414461135864,-0.10759171098470688,-0.08042746782302856,0.07483483105897903,61.79999923706055,-37.08000183105469,-42.0,1.5128980056029075,1.6744033607166529,-1.8036705481460764,3.5297038648479298,20:51:17,0.018944739
-0.7200561761856079,13.175890922546387,4.019864559173584,-0.9766154289245605,3.5688467025756836,2.068207263946533,0.25655922293663025,9.607044219970703,1.9516574144363403,-0.26684874296188354,-0.05326322466135025,0.07323693484067917,61.68000030517578,-37.13999938964844,-41.880001068115234,1.6893897961562334,2.2659681326744305,-2.114275411341808,4.238859017370127,20:51:17,0.022224321
0.6757634282112122,12.644377708435059,3.352480888366699,0.35243892669677734,3.0840721130371094,1.1923933029174805,0.3233245015144348,9.56030559539795,2.1600875854492188,-0.6311691999435425,0.026631612330675125,0.15872439742088318,61.560001373291016,-37.31999969482422,-41.70000076293945,4.25840052002277,1.9956297959849696,-1.5046136512453003,3.325284316311436,20:51:17,0.018663126
-0.2861070930957794,11.282675743103027,2.5516204833984375,-0.6429167985916138,1.745859146118164,0.29508328437805176,0.35680970549583435,9.536816596984863,2.2565371990203857,-0.5795038938522339,-0.16538231074810028,0.1547296643257141,61.439998626708984,-37.380001068115234,-41.63999938964844,2.941074624861031,1.311132613011111,-0.8297770818191452,1.88373042464018,20:51:17,0.020496355
-0.7254431247711182,9.439140319824219,2.0907366275787354,-1.0896716117858887,-0.083587646484375,-0.22340798377990723,0.3642284572124481,9.522727966308594,2.3141446113586426,-0.32890039682388306,-0.11478224396705627,0.08415589481592178,61.380001068115234,-37.380001068115234,-41.58000183105469,1.2774143500872484,0.5556700197816848,-1.2680234357203908,1.1154739994251128,20:51:17,0.018459688
-0.9056068062782288,7.025784969329834,0.9343371987342834,-1.2545835971832275,-2.4995570182800293,-1.3713531494140625,0.34897682070732117,9.525341987609863,2.305690288543701,-0.07456851005554199,-0.017310546711087227,0.01438106968998909,61.20000076293945,-37.380001068115234,-41.58000183105469,-0.5706000431721119,0.02460360543693696,-0.9581714498437286,3.7742868845095487,20:51:17,0.019944062
0.884058952331543,8.483255386352539,0.4920084476470947,0.5615791082382202,-1.0590457916259766,-1.7464015483856201,0.32247984409332275,9.542301177978516,2.238409996032715,-0.026631612330675125,0.7749798893928528,0.03195793181657791,61.08000183105469,-37.31999969482422,-41.63999938964844,-3.201364692182647,-1.9321707670330053,0.5130513287665028,2.118222710617091,20:51:17,0.02026849
1.9363106489181519,10.5344877243042,0.1933317929506302,1.6051692962646484,0.9762811660766602,-1.9748834371566772,0.33114129304885864,9.558206558227539,2.168215274810791,0.11345066130161285,1.0298444032669067,0.09906959533691406,60.959999084472656,-37.20000076293945,-41.70000076293945,-0.7439370990089369,-1.9017013767272566,0.5629888452953011,2.725776582051897,20:51:17,0.019831927
1.7507599592208862,10.991181373596191,0.608127236366272,1.3759723901748657,1.4104299545288086,-1.450766682624817,0.3747875392436981,9.580751419067383,2.058893918991089,0.31212249398231506,0.4229099750518799,0.13369068503379822,60.900001525878906,-37.08000183105469,-41.81999969482422,1.5385948738695152,-2.1933482786855265,0.5018039805112089,2.4469034804360157,20:51:17,0.020019791
0.28131869435310364,10.303446769714355,1.7489643096923828,-0.14422056078910828,0.7024412155151367,-0.2029123306274414,0.4255392551422119,9.601005554199219,1.9518766403198242,0.25726136565208435,-0.35233622789382935,0.11078750342130661,60.779998779296875,-36.959999084472656,-41.939998626708984,1.8332668930965341,-1.6049816769227672,0.22472773325540096,0.7452493846554774,20:51:17,0.019964115
-0.5793967843055725,8.816049575805664,2.8161797523498535,-1.0325891971588135,-0.7884740829467773,0.8880232572555542,0.4531923830509186,9.604523658752441,1.9281564950942993,0.09001484513282776,-0.5158542990684509,0.06764429062604904,60.720001220703125,-36.84000015258789,-42.119998931884766,0.5407948388627917,-0.13040862790876817,-0.49591446699705877,1.5736953755395637,20:51:17,0.020450416
0.025737667456269264,7.439981937408447,2.22660756111145,-0.40267273783683777,-2.1820034980773926,0.38162803649902344,0.4284104108810425,9.62198543548584,1.8449795246124268,0.31025826930999756,0.17310547828674316,-0.03994741663336754,60.65999984741211,-36.540000915527344,-42.540000915527344,-1.14832356267484,1.053469975558535,-0.3199370339214713,2.251427226818822,20:51:17,0.020470625
0.5261258482933044,7.538144111633301,2.344521999359131,0.11194413900375366,-2.0944690704345703,0.5525122880935669,0.4141817092895508,9.632613182067871,1.792009711265564,0.3070624768733978,0.17603495717048645,-0.07270430028438568,60.599998474121094,-36.41999816894531,-42.65999984741211,-2.0828645885089943,0.33054521693285954,0.788250789422893,2.1690094526669847,20:51:17,0.018957969
0.569819986820221,7.789535045623779,2.4366986751556396,0.1632300615310669,-1.8496708869934082,0.6786983013153076,0.40658992528915405,9.639205932617188,1.758000373840332,0.13821806013584137,0.11531487852334976,-0.0878843143582344,60.599998474121094,-36.2400016784668,-42.84000015258789,-1.7431426864977704,0.40973805854572287,1.2239975490899457,1.9770072906761627,20:51:17,0.020904063
0.49978959560394287,7.797316551208496,2.4618380069732666,0.10280454158782959,-1.8434581756591797,0.710273027420044,0.3969850540161133,9.640774726867676,1.7515649795532227,0.042876895517110825,0.09960222989320755,-0.09134642779827118,60.65999984741211,-36.060001373291016,-43.02000045776367,-1.4953102907460796,0.5391646172838218,1.1755449088938548,1.9782301667541593,20:51:17,0.020113592
0.5626373887062073,8.101978302001953,2.211643934249878,0.18485766649246216,-1.5408544540405273,0.4671761989593506,0.3777797222137451,9.64283275604248,1.7444677352905273,0.09054747968912125,0.10013485699892044,-0.07084008306264877,60.65999984741211,-35.7599983215332,-43.31999969482422,-1.5099177019331802,0.5294138556912937,1.0807364785522093,1.6206968890794098,20:51:17,0.021985052
0.7661445140838623,8.526350975036621,2.363077163696289,0.3878767192363739,-1.1202392578125,0.6396335363388062,0.3782677948474884,9.646590232849121,1.723443627357483,0.1443433314561844,0.029827404767274857,-0.05645901709794998,60.65999984741211,-35.63999938964844,-43.439998626708984,-1.2195773340972655,0.3398438410926703,1.0118279306109272,1.3470394964065309,20:51:17,0.017988177
0.7092822790145874,8.687360763549805,2.801814556121826,0.324176162481308,-0.9630146026611328,1.101202130317688,0.3851061165332794,9.650375366210938,1.7006124258041382,0.16538231074810028,-0.038615837693214417,-0.04820321500301361,60.720001220703125,-35.52000045776367,-43.560001373291016,-0.7450705056890881,0.49996355074962207,1.0046999316101957,1.4983769355792624,20:51:17,0.020958646
0.5249287486076355,8.559869766235352,3.180098295211792,0.13532298803329468,-1.0920753479003906,1.4894546270370483,0.3896057605743408,9.651945114135742,1.6906436681747437,0.13848437368869781,-0.03328951448202133,-0.05246427282691002,60.779998779296875,-35.400001525878906,-43.619998931884766,-0.621369114359966,0.9760626245140465,0.9520163496442322,1.8518682357511538,20:51:17,0.019176198
0.11791443079710007,9.99459457397461,2.6575639247894287,-0.25821545720100403,0.34255027770996094,0.9644204378128052,0.3761298954486847,9.652044296264648,1.6931434869766235,-0.06711166352033615,-0.024501081556081772,-0.07829693704843521,60.959999084472656,-35.220001220703125,-43.68000030517578,-0.7193918573816704,1.0315684466830382,0.5793747657684278,1.0555201068514695,20:51:17,0.019991875
0.10115502029657364,11.72081470489502,3.338714361190796,-0.258304625749588,2.0744504928588867,1.6099563837051392,0.35945963859558105,9.646364212036133,1.7287579774856567,-0.21331921219825745,-0.034088462591171265,-0.08175905048847198,61.02000045776367,-35.220001220703125,-43.68000030517578,0.20048810917411863,1.0115502355431891,-0.22515180644754373,2.6385650805767598,20:51:17,0.020947655
0.5207388401031494,12.49593734741211,3.3877954483032227,0.17549625039100647,2.859628677368164,1.601040005683899,0.34524258971214294,9.636308670043945,1.7867554426193237,-0.22290658950805664,0.012250540778040886,-0.09480853378772736,61.13999938964844,-35.220001220703125,-43.68000030517578,1.7149962817121711,1.7486641002339884,-0.981318978852812,3.2820122190704892,20:51:17,0.018726146
1.2838906049728394,12.142792701721191,3.247734546661377,0.9399242997169495,2.51531982421875,1.413730502128601,0.3439663052558899,9.627472877502441,1.8340040445327759,-0.2202434241771698,-0.01571265049278736,-0.11451593041419983,61.20000076293945,-35.220001220703125,-43.619998931884766,2.6131491640726128,1.7197791534129507,-0.9926799287887338,3.0346211361478104,20:51:17,0.021194167
1.470638394355774,13.606846809387207,3.338714361190796,1.1166311502456665,3.990083694458008,1.451246976852417,0.35400721430778503,9.6167631149292,1.887467384338379,-0.3816309869289398,0.03328951448202133,-0.09054747968912125,61.31999969482422,-35.279998779296875,-43.560001373291016,2.695820910699969,1.3801706480020686,-0.19132212263723147,4.390188014459278,20:51:17,0.01887073
-0.7146692276000977,12.265495300292969,2.4588451385498047,-1.053515076637268,2.6915111541748047,0.36264801025390625,0.3388458788394928,9.573984146118164,2.0961971282958984,-0.49667954444885254,-0.19654129445552826,-0.08096009492874146,61.5,-35.279998779296875,-43.439998626708984,4.067585652650428,1.4757928979079988,-0.7419803162151446,2.9130121676866603,20:51:17,0.019913906
-0.9349357485771179,9.372102737426758,1.1234791278839111,-1.2406208515167236,-0.19234943389892578,-1.0208384990692139,0.3056850731372833,9.564452171325684,2.144317626953125,-0.3834952116012573,-0.2245044857263565,-0.11717908829450607,61.560001373291016,-35.279998779296875,-43.439998626708984,1.8552268036645039,0.7678832951560981,-2.1104803942360846,1.6181006282432508,20:51:17,0.020548646
-1.6310498714447021,8.019977569580078,0.5279214978218079,-1.893867015838623,-1.5441932678222656,-1.623279094696045,0.2628171145915985,9.564170837402344,2.151200532913208,-0.07590009272098541,-0.35606464743614197,-0.14727281033992767,61.619998931884766,-35.279998779296875,-43.380001068115234,-0.798775966821136,-0.7549104124767716,-1.1875675879241605,2.9336496282525473,20:51:17,0.019440677
-2.011129379272461,9.303269386291504,-0.015562310814857483,-2.2175135612487793,-0.27788639068603516,-2.09618878364563,0.20638416707515717,9.581155776977539,2.0806264877319336,0.18828549981117249,-0.4181163012981415,-0.14833807945251465,61.68000030517578,-35.34000015258789,-43.380001068115234,-2.309033529121737,-1.3233715373702069,-1.2342415237177988,3.064081372472425,20:51:17,0.01986724
-1.4395138025283813,10.322600364685059,0.3842693865299225,-1.5920532941818237,0.7167940139770508,-1.5843327045440674,0.15253946185112,9.605806350708008,1.9686020612716675,0.2556634545326233,-0.3472762107849121,-0.13209278881549835,61.68000030517578,-35.34000015258789,-43.31999969482422,-1.3663386250829772,-1.638484500968545,-2.199336596967669,2.3576550783938792,20:51:17,0.020081406
-0.47225627303123474,9.586383819580078,1.9003976583480835,-0.5565528273582458,-0.05306529998779297,0.09923064708709717,0.08429653197526932,9.639449119567871,1.8011670112609863,0.32996565103530884,-0.42690473794937134,-0.14727281033992767,61.68000030517578,-35.34000015258789,-43.380001068115234,-0.2669836252757861,-0.35440460974494403,-1.0780939168147068,0.5678148439628677,20:51:17,0.020070156
-0.10055647045373917,9.030928611755371,2.273893117904663,-0.17029693722724915,-0.6209516525268555,0.539984941482544,0.06974047422409058,9.651880264282227,1.7339081764221191,0.23808661103248596,-0.30173614621162415,-0.12809805572032928,61.68000030517578,-35.34000015258789,-43.380001068115234,-0.3251736219462146,0.18371239649864446,-0.42769796569427854,0.8403366817131813,20:51:17,0.019732604
0.4644751250743866,8.040328025817871,2.366069793701172,0.40299364924430847,-1.6195487976074219,0.677017331123352,0.061481475830078125,9.659876823425293,1.6890524625778198,0.3880225718021393,0.1781654804944992,-0.06817692518234253,61.68000030517578,-35.34000015258789,-43.439998626708984,-0.6177300034727603,0.5061154327409625,0.2615770752175983,1.8010260008684709,20:51:17,0.021079635
1.094150185585022,7.3017168045043945,1.2246341705322266,1.0253791809082031,-2.3741884231567383,-0.36979877948760986,0.06877104938030243,9.675905227661133,1.5944329500198364,0.5033374428749084,0.4439489543437958,0.019707392901182175,61.619998931884766,-35.34000015258789,-43.439998626708984,-1.1836206894760701,0.4723080676183318,1.2726597668305448,2.612455601651822,20:51:18,0.019224687
-0.21368250250816345,7.469310760498047,1.6430208683013916,-0.36459463834762573,-2.2362289428710938,0.24669885635375977,0.15091215074062347,9.70553970336914,1.3963220119476318,0.3368898928165436,-0.4002731144428253,0.13928332924842834,61.439998626708984,-35.34000015258789,-43.560001373291016,-1.8278531009693169,-0.9683093418763997,2.024266329121428,2.27914665192314,20:51:18,0.019809636
-1.3760673999786377,7.812878608703613,2.6437971591949463,-1.549027442932129,-1.8997020721435547,1.2999660968780518,0.17296002805233002,9.712580680847168,1.3438310623168945,0.2745719254016876,-0.4724447727203369,0.13688647747039795,61.31999969482422,-35.279998779296875,-43.619998931884766,-2.0926598985663367,0.15380237148790865,0.8897353358065239,2.7745748926449476,20:51:18,0.019652864
-1.4891934394836426,7.936180114746094,3.092710018157959,-1.6610252857208252,-1.7785186767578125,1.7641537189483643,0.1718319058418274,9.714698791503906,1.3285562992095947,0.2111886739730835,-0.06844323873519897,0.12676647305488586,61.2599983215332,-35.279998779296875,-43.68000030517578,-2.407179689744953,1.3735380067179648,-0.1309416151978482,3.0057232120505795,20:51:18,0.019722552
-0.8900445103645325,8.192359924316406,2.207453966140747,-1.0556273460388184,-1.5239572525024414,0.8898991346359253,0.1655827760696411,9.716317176818848,1.3175548315048218,0.09081379324197769,0.17363810539245605,0.10812434554100037,61.13999938964844,-35.279998779296875,-43.7400016784668,-2.3559772546798246,1.8530660513716786,-0.22335977376656047,2.056384028090453,20:51:18,0.020000573
-0.646434485912323,8.315062522888184,2.5522189140319824,-0.8127926588058472,-1.4009513854980469,1.232589602470398,0.16635814309120178,9.71601390838623,1.3196293115615845,0.024234766140580177,0.046605318784713745,0.0788295716047287,60.959999084472656,-35.34000015258789,-43.68000030517578,-1.8364686205856149,0.9245422094478108,0.03632636398924127,2.0353313781435465,20:51:18,0.020062396
-0.46986207365989685,8.615534782409668,2.764105796813965,-0.6372895836830139,-1.098114013671875,1.5487923622131348,0.16742752492427826,9.711474418640137,1.352186918258667,0.014913702383637428,0.1739044189453125,0.0740358829498291,60.720001220703125,-35.459999084472656,-43.560001373291016,-1.5976422806305313,1.2412479622471055,0.22229825733980135,1.873175949591942,20:51:18,0.020068438
-0.043095629662275314,9.174580574035645,2.2595279216766357,-0.2251587212085724,-0.5344161987304688,0.8911830186843872,0.18206308782100677,9.708996772766113,1.3683449029922485,-0.032224249094724655,0.2202434241771698,0.11398329585790634,60.540000915527344,-35.459999084472656,-43.5,-1.1710460060425105,1.3784566355471988,0.4871315414620767,1.0632517556972199,20:51:18,0.020115469
-5.985504249110818E-4,10.6709566116333,2.4612393379211426,-0.20317776501178741,0.9660768508911133,1.0668085813522339,0.20257921516895294,9.704879760742188,1.3944307565689087,-0.22397185862064362,0.24447819590568542,0.1557949334383011,60.41999816894531,-35.52000045776367,-43.439998626708984,-0.5560713984569599,0.8801285014264457,0.2160150065269537,1.4535013709211426,20:51:18,0.021334687
0.09636662155389786,12.09311294555664,4.044404983520508,-0.134465754032135,2.3998403549194336,2.575622320175171,0.23083236813545227,9.693272590637207,1.468782663345337,-0.27590349316596985,0.0950748547911644,0.16618125140666962,60.29999923706055,-35.58000183105469,-43.31999969482422,0.7361767331420814,1.1380510672439004,-0.5249285248326085,3.5229455153737184,20:51:18,0.01866099
-1.1581950187683105,12.175114631652832,3.9713821411132813,-1.4034090042114258,2.4953575134277344,2.4182348251342773,0.24521395564079285,9.679757118225098,1.5531474351882935,-0.18402443826198578,-0.022370554506778717,0.13582122325897217,60.18000030517578,-35.63999938964844,-43.2599983215332,2.036703104462671,2.704731249992684,-0.9733512235704573,3.7475626242151256,20:51:18,0.02071375
-2.029085874557495,11.727398872375488,3.6756980419158936,-2.257580280303955,2.0579605102539063,2.0571305751800537,0.2284942865371704,9.669438362121582,1.6185674667358398,-0.31451931595802307,-0.18189390003681183,0.09374327212572098,60.119998931884766,-35.70000076293945,-43.13999938964844,1.4675906244288566,2.7471568232029995,-2.0841144610122058,3.682886963663482,20:51:18,0.019969739
1.013944387435913,14.611812591552734,2.98437237739563,0.7903671264648438,4.982487678527832,1.1414724588394165,0.22357729077339172,9.629324913024902,1.8428999185562134,-0.9832391142845154,0.19547602534294128,0.16138756275177002,60.0,-35.81999969482422,-42.959999084472656,0.6509313843154056,2.5088907498626227,-2.61637386660599,5.1723131223435095,20:51:18,0.019684635
1.1623848676681519,12.27387523651123,2.342127799987793,0.8910839557647705,2.6872291564941406,0.2945065498352051,0.27130088210105896,9.58664608001709,2.047621250152588,-0.9568737745285034,0.1853560209274292,0.13129384815692902,59.880001068115234,-35.880001068115234,-42.900001525878906,4.729162281929563,1.3579358710885217,-1.594948670690032,2.8463951348380006,20:51:18,0.020871405
0.2759317457675934,10.06701946258545,0.4531026780605316,-0.030597388744354248,0.5025720596313477,-1.6910804510116577,0.30652913451194763,9.564447402954102,2.1441831588745117,-0.5699164867401123,-0.018642127513885498,0.06418218463659286,59.81999969482422,-35.939998626708984,-42.900001525878906,2.7853695514233463,0.32644566044347556,-0.486942332976696,1.7644455126508893,20:51:18,0.018685782
-0.023343466222286224,7.706336498260498,-0.4183867573738098,-0.33859309554100037,-1.857266902923584,-2.565042018890381,0.31524962186813354,9.563603401184082,2.146655321121216,-0.1137169823050499,-0.08575379103422165,0.029028456658124924,59.7599983215332,-35.939998626708984,-42.959999084472656,0.37136790812128906,-1.6030082209344663,-0.6369600230894878,3.1848902950834335,20:51:18,0.020233958
0.9516952037811279,11.479598999023438,-0.34416648745536804,0.6242676973342896,1.8732995986938477,-2.288851499557495,0.32742753624916077,9.60629940032959,1.9446851015090942,0.37044572830200195,0.6532734036445618,0.018908444792032242,59.58000183105469,-35.880001068115234,-43.20000076293945,-1.8689923524236116,-2.578462782792361,0.043868560911050736,3.022879873800509,20:51:18,0.019391145
1.45806884765625,11.848305702209473,0.08200141042470932,1.127199411392212,2.212799072265625,-1.7117761373519897,0.33086949586868286,9.635506629943848,1.793777585029602,0.4548679292201996,0.6506102681159973,0.013049489818513393,59.459999084472656,-35.7599983215332,-43.380001068115234,1.8569613486000573,-2.2268256867901304,-0.8548355780207579,3.016162427932265,20:51:18,0.020195417
1.1677719354629517,10.606313705444336,1.2515689134597778,0.8175836801528931,0.9470806121826172,-0.40570688247680664,0.3501882255077362,9.659233093261719,1.6572757959365845,0.5323659181594849,0.2767024338245392,0.012250540778040886,59.34000015258789,-35.58000183105469,-43.5,2.4190871609708315,-1.7349827063499994,-0.4848596084486285,1.3152957213165404,20:51:18,0.019560208
-0.5195417404174805,9.062053680419922,3.1860837936401367,-0.8801432251930237,-0.6155509948730469,1.642020344734192,0.3606014847755432,9.677604675292969,1.5440634489059448,0.3922836482524872,-0.2045307755470276,-0.047936901450157166,59.279998779296875,-35.459999084472656,-43.7400016784668,1.2184169017111728,-0.4782618487046211,0.12933907951466495,1.9620871378874511,20:51:18,0.020091094
-1.1097124814987183,7.563881874084473,3.8504748344421387,-1.4386088848114014,-2.114312171936035,2.3030147552490234,0.3288964331150055,9.678194046020508,1.5474600791931152,0.37523940205574036,-0.32703620195388794,-0.12330435961484909,59.220001220703125,-35.34000015258789,-43.97999954223633,-0.9255038355228282,1.7231349067407535,-0.15503081473009317,3.4414805602748793,20:51:18,0.020961771
-0.8164227604866028,6.668450355529785,1.3946224451065063,-1.093184232711792,-3.0198965072631836,-0.09852635860443115,0.2767614722251892,9.688346862792969,1.4931488037109375,0.22716765105724335,0.15659387409687042,-0.14940333366394043,59.15999984741211,-35.220001220703125,-44.15999984741211,-2.476694477689499,2.373259602686236,0.27823203962681475,3.2131813090097943,20:51:18,0.019637084
0.21368250250816345,6.514024257659912,1.7310078144073486,0.022717446088790894,-3.1850619316101074,0.29523730278015137,0.19096505641937256,9.69908618927002,1.4357705116271973,0.06391586363315582,0.21917815506458282,-0.1696433573961258,59.099998474121094,-34.97999954223633,-44.459999084472656,-3.0745314627889924,-0.14119777231286612,1.411861844609195,3.198796751202177,20:51:18,0.020035
0.436343252658844,6.84981107711792,2.0015525817871094,0.27019405364990234,-2.8479084968566895,0.5535774230957031,0.16614918410778046,9.69771957397461,1.4479751586914063,-0.01091896090656519,0.17656758427619934,-0.15153387188911438,59.040000915527344,-34.86000061035156,-44.58000183105469,-2.6532962829071685,0.08657370332814374,1.7846075407449469,2.913766565196597,20:51:18,0.020509427
0.5267243981361389,7.13891077041626,1.5089455842971802,0.37418755888938904,-2.558938503265381,0.06034135818481445,0.15253683924674988,9.69784927368164,1.4486042261123657,-0.019174760207533836,0.09960222989320755,-0.11318434774875641,59.099998474121094,-34.7400016784668,-44.70000076293945,-2.228332019530697,0.3218069723968888,1.8495974156562625,2.5868559434628855,20:51:18,0.020471198
0.4638765752315521,7.584232330322266,1.8962076902389526,0.31585079431533813,-2.1135339736938477,0.4465574026107788,0.148025780916214,9.697766304016113,1.4496502876281738,-7.989483419805765E-4,0.009587380103766918,-0.08761800080537796,59.15999984741211,-34.68000030517578,-44.81999969482422,-1.9353452284314225,-0.16376650302453521,1.708637624549958,2.183163094240607,20:51:18,0.019097552
0.2783259451389313,7.955333709716797,2.2194249629974365,0.13344722986221313,-1.7429876327514648,0.7731666564941406,0.14487871527671814,9.698321342468262,1.446258306503296,0.09800432622432709,-0.02503371424973011,-0.07803062349557877,59.220001220703125,-34.560001373291016,-44.880001068115234,-1.5872052901994709,0.25498928601859117,1.4771462962419815,1.9114394392176757,20:51:18,0.020000364
-0.016160860657691956,9.099164009094238,2.9472622871398926,-0.14385902881622314,-0.5988578796386719,1.4973726272583008,0.1276981681585312,9.69802188873291,1.4498896598815918,-0.011717909015715122,-0.055926382541656494,-0.07590009272098541,59.34000015258789,-34.5,-45.0,-1.3685860439247373,0.6360241584341533,1.1825413707689165,1.619089548184318,20:51:18,0.019847969
0.15682020783424377,10.268731117248535,2.890998601913452,0.03640168160200119,0.5754613876342773,1.4091166257858276,0.12041852623224258,9.693269729614258,1.4818819761276245,-0.15206649899482727,-0.055393751710653305,-0.05805691331624985,59.459999084472656,-34.5,-44.939998626708984,-0.5597704914806476,1.4573335540694874,0.42928674368138076,1.5225276864961956,20:51:18,0.02089177
0.21009120345115662,11.668142318725586,3.339911460876465,0.08988632261753082,1.9836883544921875,1.8013859987258911,0.1202048808336258,9.684453964233398,1.5385254621505737,-0.2798982262611389,-0.10359697043895721,-0.04554005712270737,59.58000183105469,-34.560001373291016,-44.7599983215332,0.518806116589017,1.4297336742630788,-0.06922658310060292,2.6810614605315,20:51:18,0.02009724
0.4058171808719635,12.271480560302734,4.0330328941345215,0.2809288203716278,2.6012067794799805,2.4081406593322754,0.12488836795091629,9.670273780822754,1.6248923540115356,-0.31025826930999756,-0.11744540929794312,-0.0439421571791172,59.7599983215332,-34.68000030517578,-44.70000076293945,1.737309912501149,1.9151247025550768,-0.7086196533327662,3.5558879547670355,20:51:18,0.018908333
1.026513934135437,11.604097366333008,3.758896589279175,0.8872530460357666,1.9479179382324219,2.0533835887908936,0.1392608880996704,9.656179428100586,1.7055130004882813,-0.2929477393627167,-0.07616640627384186,-0.04500742256641388,59.939998626708984,-34.7400016784668,-44.58000183105469,2.3762211099493302,2.5372069073343635,-0.7486612881293606,2.966139987340983,20:51:18,0.018438074
0.8870517015457153,13.117232322692871,3.179499864578247,0.6829913258552551,3.4965438842773438,1.2898484468460083,0.2040603905916214,9.620688438415527,1.8896514177322388,-0.5558017492294312,-0.08468852192163467,0.028495823964476585,60.29999923706055,-34.91999816894531,-44.400001525878906,2.0732199313361592,1.9036387772663055,0.5573124423746378,3.7889319473569163,20:51:18,0.020974271
-0.6554127335548401,12.729372024536133,2.606088638305664,-0.8754624128341675,3.1324243545532227,0.6009972095489502,0.2200496941804886,9.59694766998291,2.005091428756714,-0.8330367803573608,-0.27963191270828247,0.03435477986931801,60.47999954223633,-35.040000915527344,-44.34000015258789,3.3738673024751127,1.4318896909117047,-0.9605823700114602,3.30752391059675,20:51:18,0.019970572
-1.79146146774292,10.669161796569824,1.2725181579589844,-2.0063552856445313,1.0997810363769531,-0.8607532978057861,0.21489392220973969,9.569380760192871,2.1332714557647705,-0.6777744889259338,-0.7717841267585754,0.001065264455974102,60.599998474121094,-35.099998474121094,-44.220001220703125,2.2662457634217867,1.018325871865244,-2.1833132030945315,2.444560512626278,20:51:18,0.019937135
-2.762310266494751,9.617507934570313,0.06524199992418289,-2.958669900894165,0.05334758758544922,-2.0930569171905518,0.19635960459709167,9.564160346984863,2.158298969268799,-0.19334550201892853,-1.072987675666809,-0.09587380290031433,60.65999984741211,-35.15999984741211,-44.15999984741211,-0.06928515469630714,-0.34113327826516127,-2.4196496075276634,3.6245635331936854,20:51:18,0.019139584
-3.1262288093566895,11.025299072265625,0.15263035893440247,-3.270975112915039,1.4429941177368164,-1.9278802871704102,0.144746333360672,9.582304954528809,2.0805106163024902,0.19041602313518524,-1.008539080619812,-0.14993597567081451,60.720001220703125,-35.220001220703125,-44.15999984741211,-1.4688484048952537,-1.4428046488582602,-2.9829951658630947,4.061801646411709,20:51:18,0.020314063
-0.3932476341724396,12.088324546813965,0.689530074596405,-0.43698039650917053,2.459779739379883,-1.1704001426696777,0.04373275861144066,9.628544807434082,1.859930157661438,0.14061491191387177,0.5994775891304016,-0.044741109013557434,60.540000915527344,-35.34000015258789,-44.220001220703125,1.0012671178856962,-0.7101016965867046,-2.8374723075001214,2.758859316304164,20:51:18,0.019478177
0.19692309200763702,10.824784278869629,3.358466386795044,0.17414456605911255,1.1862964630126953,1.5504356622695923,0.022778525948524475,9.638487815856934,1.8080307245254517,-0.029294772073626518,0.06631271541118622,-0.05566006898880005,60.41999816894531,-35.400001525878906,-44.279998779296875,1.8737042333137568,-0.8450887574851174,-1.8402064156890177,1.9599684617058757,20:51:18,0.020790052
-0.2064998894929886,8.911218643188477,3.0603883266448975,-0.23655980825424194,-0.7265691757202148,1.2487002611160278,0.03005991503596306,9.637787818908691,1.8116880655288696,0.3328951299190521,-0.798948347568512,-0.10945592075586319,60.2400016784668,-35.400001525878906,-44.34000015258789,1.106594321974786,1.6080124546286472,-0.17669517370591592,1.4639384044758414,20:51:18,0.019310625
0.004189853090792894,7.000047206878662,2.319382905960083,-0.02904781699180603,-2.647977352142334,0.5630923509597778,0.03323766961693764,9.648024559020996,1.7562905550003052,0.3467435836791992,-0.46658584475517273,-0.10040117800235748,60.0,-35.459999084472656,-44.400001525878906,-0.7391847445184572,1.1964996362668536,0.40633767047114233,2.7073420228778122,20:51:18,0.019880312
0.619499683380127,5.659294128417969,1.7160440683364868,0.5867235064506531,-4.000428199768066,0.0252760648727417,0.03277618810534477,9.659722328186035,1.6907680034637451,0.40772998332977295,-0.08096009492874146,-0.0673779770731926,59.7599983215332,-35.400001525878906,-44.459999084472656,-2.2632214783217486,0.3158635214179215,1.4518124232275813,4.043304234654718,20:51:18,0.020027761
0.6380547285079956,5.788581371307373,1.6849194765090942,0.5556885600090027,-3.897212505340576,0.15234172344207764,0.08236615359783173,9.68579387664795,1.5325777530670166,0.3371562063694,-0.2149171084165573,0.04207794740796089,59.220001220703125,-35.400001525878906,-44.58000183105469,-3.0667410162946753,-0.4192753555099351,2.6014640554991075,3.9395765112774686,20:51:19,0.020314011
0.035913024097681046,6.918045997619629,1.974617838859558,-0.08631518483161926,-2.775059700012207,0.4918123483657837,0.12222820520401001,9.693105697631836,1.4828054904937744,0.23329292237758636,-0.2178465873003006,0.10439591854810715,58.86000061035156,-35.34000015258789,-44.63999938964844,-2.970116448043524,-0.22842834646185128,2.5780792849348853,2.819625158734654,20:51:19,0.019862135
-0.5141547918319702,7.448361396789551,1.7729063034057617,-0.6645172238349915,-2.2497434616088867,0.32577037811279297,0.15036241710186005,9.698104858398438,1.4471359252929688,0.18482337892055511,-0.0878843143582344,0.1318264752626419,58.560001373291016,-35.34000015258789,-44.63999938964844,-2.364234770727637,0.2967721034570374,1.5075162068088304,2.3683443843919854,20:51:19,0.020903959
-0.7870938181877136,7.6782050132751465,1.8058266639709473,-0.953569769859314,-2.0252251625061035,0.3966355323791504,0.16647592186927795,9.70343017578125,1.4091911315917969,0.23728765547275543,0.005592638626694679,0.12064120173454285,58.20000076293945,-35.34000015258789,-44.70000076293945,-2.2394873961676938,0.2556708006182733,0.7268999876032076,2.273356991407885,20:51:19,0.019026041
-0.8637082576751709,7.94635534286499,2.1541829109191895,-1.034165620803833,-1.7638230323791504,0.7927510738372803,0.1704573929309845,9.71017837524414,1.3614318370819092,0.31318774819374084,0.12303804606199265,0.09187906235456467,57.84000015258789,-35.34000015258789,-44.7599983215332,-2.207392090438363,0.3826364319789626,0.38621578369671994,2.1929488105913277,20:51:19,0.020476094
-0.4465186297893524,8.347384452819824,2.5540146827697754,-0.6136130094528198,-1.3698692321777344,1.2435680627822876,0.16709434986114502,9.717253684997559,1.3104466199874878,0.31744879484176636,0.2775014042854309,0.06205165386199951,57.540000915527344,-35.34000015258789,-44.81999969482422,-2.02659310614971,0.8024129218624498,0.24099356608664735,1.94923681614345,20:51:19,0.019958385
-0.040701430290937424,10.002974510192871,3.245939016342163,-0.21116088330745697,0.2798004150390625,1.9806820154190063,0.17045944929122925,9.723174095153809,1.2652570009231567,0.06844323873519897,0.3267698585987091,0.0902811661362648,56.939998626708984,-35.400001525878906,-44.7599983215332,-0.75742302131634,1.7650057196010152,0.4481283408937138,2.011461766253466,20:51:19,0.019982969
-0.03531447425484657,11.463438034057617,3.579331636428833,-0.21801204979419708,1.7439889907836914,2.287370204925537,0.1826975792646408,9.719449043273926,1.2919613122940063,-0.13315805792808533,0.35606464743614197,0.13395699858665466,56.7599983215332,-35.52000045776367,-44.7599983215332,0.14461110320449966,2.0048661505474605,-0.07468252514366025,2.8846298390280993,20:51:19,0.021054114
-0.3363853394985199,12.281656265258789,3.9157168865203857,-0.5346153974533081,2.571352958679199,2.558913230895996,0.1982300877571106,9.71030330657959,1.3568035364151,-0.22556975483894348,0.35047200322151184,0.1395496428012848,56.58000183105469,-35.63999938964844,-44.70000076293945,1.3539679451295967,2.3969708453175427,-0.8616210555364932,3.666838772642863,20:51:19,0.019926511
-1.136048674583435,11.97220516204834,3.6146459579467773,-1.3399758338928223,2.2728443145751953,2.182581901550293,0.20392712950706482,9.699360847473145,1.4320639371871948,-0.08655273914337158,0.16937704384326935,0.12223909795284271,56.459999084472656,-35.7599983215332,-44.58000183105469,1.8702853846328527,2.7595304284406357,-1.5273272389949852,3.4241816935858482,20:51:19,0.019944792
-1.7908629179000854,11.449670791625977,4.128202438354492,-1.9823079109191895,1.7567415237426758,2.6514673233032227,0.19144494831562042,9.6929292678833,1.47673499584198,-0.14008226990699768,-0.07110640406608582,0.09214537590742111,56.400001525878906,-35.939998626708984,-44.459999084472656,1.1739290364452533,2.483812449036911,-2.043914556120896,3.7477946050283086,20:51:19,0.0201825
1.1827356815338135,14.82968521118164,3.582324266433716,0.9945433139801025,5.166802406311035,1.919987678527832,0.18819238245487213,9.662882804870605,1.6623365879058838,-0.9882990717887878,0.4122573435306549,0.1600559800863266,56.279998779296875,-36.18000030517578,-44.220001220703125,2.5736329086254655,2.632640063647411,-2.2142288300062667,5.601010283416977,20:51:19,0.021469792
1.0672154426574707,12.324152946472168,1.4622586965560913,0.8339108228683472,2.7017107009887695,-0.41504907608032227,0.23330460488796234,9.622442245483398,1.8773077726364136,-1.0210559368133545,0.5038700699806213,0.13209278881549835,56.279998779296875,-36.29999923706055,-44.099998474121094,4.901909857182915,2.1392139195247637,-1.663236823987475,2.857781256130238,20:51:19,0.018451094
0.586579442024231,9.819219589233398,-0.7775170207023621,0.3263801038265228,0.2229452133178711,-2.781043291091919,0.26019933819770813,9.596274375915527,2.003526210784912,-0.75127774477005,0.35766252875328064,0.10972224175930023,56.220001220703125,-36.41999816894531,-44.040000915527344,2.7176730067783677,-0.32883106197718703,-0.8203892462450284,2.8089909802707687,20:51:19,0.020869583
0.8158242106437683,8.750208854675293,-0.9457096457481384,0.5344569683074951,-0.8359813690185547,-2.9940929412841797,0.2813672125339508,9.586190223693848,2.0483832359313965,-0.44741106033325195,0.30360037088394165,0.10492854565382004,56.220001220703125,-36.47999954223633,-43.97999954223633,0.2877254010921644,-2.7633774809655196,-0.41399272868095416,3.154219656486581,20:51:19,0.019024062
1.1162965297698975,10.439916610717773,-0.6590040326118469,0.8080447912216187,0.8530960083007813,-2.7005395889282227,0.3082517087459564,9.586820602416992,2.0415356159210205,-0.09667275100946426,0.4561994969844818,0.1022653877735138,56.279998779296875,-36.41999816894531,-43.97999954223633,-0.5174633115049438,-3.1013564400983,0.2508397539235858,2.9451015696182243,20:51:19,0.020015313
1.114500880241394,11.95484733581543,0.26336219906806946,0.7552669048309326,2.3199634552001953,-1.5283310413360596,0.3592340052127838,9.634883880615234,1.7916932106018066,0.7171893119812012,0.41438788175582886,0.0324905663728714,56.34000015258789,-36.41999816894531,-44.040000915527344,1.0644249309307128,-2.725731150124,-0.3331866123842886,2.8789675758696363,20:51:19,0.019513541
0.383670836687088,10.38305377960205,1.2192472219467163,0.013497799634933472,0.7136449813842773,-0.373089075088501,0.37017303705215454,9.669408798217773,1.5923362970352173,0.9416937828063965,0.33795514702796936,0.009321063756942749,56.400001525878906,-36.36000061035156,-44.099998474121094,2.306754059809239,-1.476619601731855,-0.8870933309707354,0.8053985398548619,20:51:19,0.02020974
-0.8122329115867615,8.47786808013916,4.3406877517700195,-1.1765720844268799,-1.2223033905029297,2.9464316368103027,0.3643392324447632,9.70017147064209,1.3942559957504272,1.1361045837402344,0.1360875368118286,-0.057790596038103104,56.52000045776367,-36.29999923706055,-44.15999984741211,0.5915773015468933,-0.3291854941608854,-0.4362796584083899,3.399971593805485,20:51:19,0.019917344
-1.646013617515564,7.043142795562744,4.665700435638428,-1.9597972631454468,-2.680290699005127,3.430269956588745,0.3137836158275604,9.723433494567871,1.2354304790496826,0.5816344022750854,0.17230652272701263,-0.13795174658298492,56.58000183105469,-36.2400016784668,-44.220001220703125,-1.5584900676374431,3.019078581065486,0.126813012613205,4.774046032337887,20:51:19,0.020433282
-0.36810851097106934,6.092644691467285,1.6316484212875366,-0.6180716753005981,-3.634939193725586,0.4144638776779175,0.2499631941318512,9.727583885192871,1.2171845436096191,0.050333745777606964,0.5273059010505676,-0.13795174658298492,56.70000076293945,-36.18000030517578,-44.279998779296875,-3.206879973152689,3.52109085606871,0.33069312148672836,3.710333656666354,20:51:19,0.020369479
0.3621230125427246,5.81611442565918,1.3886369466781616,0.1496858298778534,-3.9122047424316406,0.1701517105102539,0.21243718266487122,9.72831916809082,1.2184852361679077,-0.01065264455974102,0.43595948815345764,-0.13102753460407257,56.81999969482422,-36.060001373291016,-44.400001525878906,-3.3383741895416064,0.30462654324039473,1.5902953049935142,3.91876299346623,20:51:19,0.020049947
0.304063618183136,6.6361284255981445,1.7926585674285889,0.12465690076351166,-3.096735954284668,0.6055551767349243,0.17940671741962433,9.732864379882813,1.1871033906936646,0.2383529245853424,0.2527340054512024,-0.10333064943552017,57.060001373291016,-35.880001068115234,-44.58000183105469,-2.8614218557823996,0.05494416112769107,2.377399677896939,3.15784894913259,20:51:19,0.019839374
0.010175357572734356,7.331045627593994,1.6651673316955566,-0.15379326045513153,-2.406986713409424,0.5189944505691528,0.16396862268447876,9.738032341003418,1.1461728811264038,0.19148129224777222,0.17310547828674316,-0.07723167538642883,57.18000030517578,-35.81999969482422,-44.70000076293945,-2.4660168586893985,0.42054940572894695,1.9271506158518106,2.4671020743399525,20:51:19,0.020935886
-0.166995570063591,8.003816604614258,1.8608932495117188,-0.3166810870170593,-1.7378654479980469,0.7440714836120605,0.14968553185462952,9.741682052612305,1.1168217658996582,0.13688647747039795,0.012516857124865055,-0.05672533065080643,57.36000061035156,-35.81999969482422,-44.70000076293945,-2.0553483007811364,0.4038379428613298,1.3034758339572239,1.9167956591521202,20:51:19,0.019888281
-0.2059013396501541,8.285733222961426,2.4217350482940674,-0.34368279576301575,-1.458205223083496,1.3231738805770874,0.13778145611286163,9.743938446044922,1.09856116771698,0.18402443826198578,-0.07456851005554199,-0.05619269981980324,57.540000915527344,-35.81999969482422,-44.70000076293945,-1.5959286776066057,0.6800945215268195,0.8152232011240095,1.9988170138791845,20:51:19,0.01905099
0.1041477769613266,8.58620548248291,2.4672248363494873,-0.024178460240364075,-1.1596956253051758,1.385066270828247,0.12832623720169067,9.745901107788086,1.0821585655212402,0.1720402091741562,-0.05805691331624985,-0.0511326938867569,57.720001220703125,-35.81999969482422,-44.63999938964844,-1.3746821556037299,1.2725100542649297,0.6973066972767255,1.8066231250256994,20:51:19,0.019941563
0.44831427931785583,9.932345390319824,2.32297420501709,0.31257864832878113,0.18793773651123047,1.2284419536590576,0.1357356309890747,9.744407653808594,1.0945322513580322,-0.20293287932872772,-0.10199907422065735,-0.022903185337781906,58.08000183105469,-35.939998626708984,-44.459999084472656,-0.9483753520898173,1.3182919386634482,0.7915668481909588,1.2814427953309873,20:51:19,0.020512552
0.39145198464393616,11.936891555786133,3.442862033843994,0.243446946144104,2.2000303268432617,2.284560203552246,0.14800503849983215,9.736861228942871,1.1583019495010376,-0.29933932423591614,-0.1462075412273407,-0.006125270389020443,58.2599983215332,-36.18000030517578,-44.279998779296875,0.34867413023279825,1.1991576204191543,0.2873032050709021,3.1809770791804897,20:51:19,0.020096615
0.641047477722168,12.20803451538086,2.8880057334899902,0.4801350235939026,2.4817428588867188,1.645581603050232,0.16091245412826538,9.72629165649414,1.2424241304397583,-0.237021341919899,-0.04447479173541069,0.003195793367922306,58.439998626708984,-36.36000061035156,-44.099998474121094,1.9944807480857722,2.3603719111808337,-0.7545234195799324,3.0162088904474293,20:51:19,0.019760937
1.4520833492279053,12.199654579162598,2.7515363693237305,1.2681182622909546,2.480828285217285,1.4550977945327759,0.18396511673927307,9.718826293945313,1.2964385747909546,-0.2527340054512024,0.049002163112163544,0.005060005933046341,58.619998931884766,-36.540000915527344,-43.86000061035156,2.361071889355451,1.7169670180412124,-0.7582080965828091,3.143237582421048,20:51:19,0.019921198
0.1173158809542656,14.270639419555664,2.7473464012145996,-0.15859511494636536,4.578904151916504,1.2762362957000732,0.27591100335121155,9.69173526763916,1.4711101055145264,-0.49747851490974426,-0.07297061383724213,0.12836436927318573,58.91999816894531,-36.900001525878906,-43.439998626708984,2.971873746741821,3.0858775947431223,0.39025673861517163,4.75607976440527,20:51:19,0.021262396
-1.5496470928192139,12.701239585876465,2.4361002445220947,-1.8425235748291016,3.0275001525878906,0.8540318012237549,0.2928764522075653,9.673739433288574,1.5820684432983398,-1.0082727670669556,-0.47137951850891113,0.1360875368118286,59.040000915527344,-37.02000045776367,-43.20000076293945,3.838032906476845,1.5387907223548134,-2.349876931607847,3.6455480541644496,20:51:19,0.019975051
-2.227804660797119,9.88386344909668,0.13766659796237946,-2.5181639194488525,0.23827457427978516,-1.6083078384399414,0.2903591990470886,9.645588874816895,1.7459744215011597,-0.72437983751297,-0.7038735151290894,0.08868326246738434,59.15999984741211,-37.20000076293945,-43.02000045776367,1.6548927256487307,1.302328497702689,-2.975783784318768,2.997428631535633,20:51:19,0.018946042
-2.494159698486328,8.486846923828125,-0.7475894689559937,-2.769254684448242,-1.1496219635009766,-2.5456061363220215,0.27509501576423645,9.636468887329102,1.7980165481567383,-0.34993937611579895,-0.9595369696617126,0.001597896683961153,59.220001220703125,-37.31999969482422,-42.84000015258789,-1.1227579070404357,-1.142788388256168,-2.533382849759519,3.933257271979892,20:51:19,0.021454428
-2.255337953567505,10.102932929992676,-0.07541735470294952,-2.505263090133667,0.4609794616699219,-1.8475276231765747,0.24992519617080688,9.641953468322754,1.7721102237701416,-0.054861120879650116,-0.9574064016342163,-0.029028456658124924,59.34000015258789,-37.439998626708984,-42.720001220703125,-2.459007770165824,-2.1031145327960985,-2.2362252543928562,3.1467766894503435,20:51:19,0.018415364
0.16998831927776337,13.026851654052734,0.9032126069068909,-0.029358193278312683,3.352391242980957,-0.6890643239021301,0.19934651255607605,9.674460411071777,1.592276930809021,0.6362292170524597,0.4002731144428253,-0.05086637660861015,59.400001525878906,-37.439998626708984,-42.47999954223633,-0.9104308955134117,-1.3616623954092653,-2.6868558918354672,3.4226011441596103,20:51:19,0.020195677
0.46986207365989685,11.826757431030273,1.3628993034362793,0.28392040729522705,2.125041961669922,-0.05565774440765381,0.185941681265831,9.701715469360352,1.418557047843933,0.7563377618789673,-0.3512709438800812,-0.09427590668201447,59.400001525878906,-37.380001068115234,-42.47999954223633,2.8520190977973288,-0.45496407246400294,-1.8366252038357898,2.144647271942215,20:51:19,0.019754062
-0.10893617570400238,9.617507934570313,4.01268196105957,-0.30145078897476196,-0.10292434692382813,2.7296438217163086,0.19251462817192078,9.72043228149414,1.2830380201339722,0.33848777413368225,-0.7933557033538818,-0.09693906456232071,59.34000015258789,-37.2599983215332,-42.47999954223633,1.961661882445795,0.032797983469880165,-0.8662089404363513,2.7481669150175754,20:51:19,0.020121511
0.07003039866685867,7.5662760734558105,2.258330821990967,-0.12128566950559616,-2.1564717292785645,0.9927381277084351,0.19131606817245483,9.722747802734375,1.2655926942825317,0.4194478690624237,-0.205862358212471,-0.05086637660861015,59.279998779296875,-37.20000076293945,-42.47999954223633,-0.19253819461534327,2.736894552915864,0.15734762503894473,2.377101075472213,20:51:19,0.020045885
0.4884171485900879,6.160281181335449,1.5879542827606201,0.2935805022716522,-3.5717849731445313,0.3967869281768799,0.19483664631843567,9.73206615447998,1.1911673545837402,0.3526025414466858,-0.15686018764972687,-0.006657903082668781,59.15999984741211,-37.08000183105469,-42.47999954223633,-1.8761815362237793,0.8873647732966672,1.1589377840059756,3.6057283968800533,20:51:19,0.019925156
-0.35673606395721436,5.9735331535339355,1.7753005027770996,-0.5860045552253723,-3.7692742347717285,0.6819901466369629,0.22926849126815796,9.742807388305664,1.0933103561401367,0.11691277474164963,-0.34514567255973816,0.030892670154571533,58.86000061035156,-36.900001525878906,-42.47999954223633,-3.440549486828009,0.2382356086967975,2.1839683602181656,3.8750406650471154,20:51:19,0.020476146
-0.5704185366630554,6.743867874145508,1.6944962739944458,-0.8052928447723389,-2.999783515930176,0.6100798845291138,0.23487433791160583,9.743651390075684,1.084416389465332,0.019174760207533836,-0.24288029968738556,0.025832662358880043,58.68000030517578,-36.779998779296875,-42.540000915527344,-3.477014360491511,0.5880130179690619,1.606409984255201,3.1653428208955487,20:51:20,0.019483542
-0.6853402256965637,7.340023994445801,1.5957354307174683,-0.9146934747695923,-2.403444290161133,0.5083974599838257,0.22935323417186737,9.743468284606934,1.0873379707336426,-0.02130528911948204,-0.11691277474164963,-2.663161139935255E-4,58.5,-36.720001220703125,-42.540000915527344,-2.9448897480505454,0.5726589041022763,1.0094961006757508,2.62138829363607,20:51:20,0.019875884
-0.5524620413780212,7.667430877685547,1.722628116607666,-0.7692685127258301,-2.075779914855957,0.630516767501831,0.21680648624897003,9.743210792541504,1.092111349105835,0.039148468524217606,0.023435818031430244,-0.017044231295585632,58.31999969482422,-36.599998474121094,-42.599998474121094,-2.5038469008389015,0.5048406167660069,0.5895449642937045,2.3017792452126624,20:51:20,0.018916771
-0.43514615297317505,7.790732383728027,2.4229321479797363,-0.6186477541923523,-1.957056999206543,1.3660825490951538,0.18350158631801605,9.74778938293457,1.0568495988845825,0.25539714097976685,0.10120012611150742,-0.03834952041506767,57.900001525878906,-36.41999816894531,-42.540000915527344,-1.9751676412499146,0.7929373830404609,0.5969771308138112,2.4655584910630033,20:51:20,0.021217708
-0.4854243993759155,8.185176849365234,2.516904592514038,-0.6514014601707458,-1.5657453536987305,1.4863924980163574,0.16597704589366913,9.750922203063965,1.0305120944976807,0.18801917135715485,0.07190535217523575,-0.024767398834228516,57.720001220703125,-36.29999923706055,-42.47999954223633,-1.950535295624836,1.334982774603437,0.7015775140982594,2.255048787299523,20:51:20,0.019686927
-0.3315969407558441,9.083600997924805,2.7952303886413574,-0.4847089648246765,-0.6677875518798828,1.7670303583145142,0.1531120091676712,9.751388549804688,1.0282000303268433,0.05006742849946022,0.09614011645317078,0.016511598601937294,57.540000915527344,-36.18000030517578,-42.47999954223633,-1.6406386927725647,1.4727202021410966,0.4739670753841345,1.9501998057204952,20:51:20,0.018986095
-0.11252748221158981,10.721235275268555,2.7772738933563232,-0.26534780859947205,0.972447395324707,1.7247951030731201,0.15282033383846283,9.748787879943848,1.0524787902832031,-0.1786981076002121,0.18562233448028564,0.07430219650268555,57.29999923706055,-36.119998931884766,-42.36000061035156,-0.7966783102414109,1.773656770805279,0.1507466518657523,1.9977441136910814,20:51:20,0.020897291
-0.5500678420066833,11.850699424743652,3.2363622188568115,-0.7134388089179993,2.1097240447998047,2.1153335571289063,0.16337095201015472,9.740975379943848,1.1210286617279053,-0.31931301951408386,0.13981595635414124,0.08575379103422165,57.119998931884766,-36.060001373291016,-42.2400016784668,0.6921664275732908,1.7855881582771438,-0.5688248729003575,3.0715739511189395,20:51:20,0.020646563
-2.2661118507385254,11.433509826660156,3.448249101638794,-2.3984897136688232,1.7129497528076172,2.1585803031921387,0.13237784802913666,9.720560073852539,1.2896686792373657,-0.28202876448631287,-0.2612560987472534,0.049002163112163544,56.81999969482422,-36.060001373291016,-42.0,1.4092276702094857,2.2788009171448684,-1.5019025782513893,3.6532750632203834,20:51:20,0.01999151
-0.08439560979604721,14.660295486450195,3.360860586166382,-0.18985651433467865,4.951427459716797,1.9835801124572754,0.10546090453863144,9.708868026733398,1.3772804737091064,-0.5001416802406311,-0.05885586142539978,0.08974853157997131,56.70000076293945,-36.060001373291016,-41.880001068115234,0.17263804310810382,2.5248967291325286,-2.6346748272757594,5.337346667344071,20:51:20,0.019964063
1.835754156112671,16.242862701416016,3.403956174850464,1.6959689855575562,6.553590774536133,1.8978091478347778,0.13978520035743713,9.689271926879883,1.506147027015686,-1.0378339290618896,0.6615292429924011,0.16138756275177002,56.63999938964844,-36.0,-41.7599983215332,4.095236207373728,2.316540591529088,-2.5199103368662916,7.030472416677531,20:51:20,0.020004427
1.4155718088150024,12.656349182128906,0.18914192914962769,1.2287966012954712,3.0005369186401367,-1.513916015625,0.18677520751953125,9.65581226348877,1.703057885169983,-0.7470167279243469,0.8410263061523438,0.1161138266324997,56.58000183105469,-35.939998626708984,-41.70000076293945,6.4836018568827125,2.0963133529107427,-1.7308720777821147,3.5784220810077203,20:51:20,0.019956615
0.993593692779541,8.918401718139648,-1.4281413555145264,0.7780395746231079,-0.7293500900268555,-3.173018455505371,0.2155541479587555,9.647751808166504,1.7448772192001343,-0.40639838576316833,0.1456749141216278,0.05619269981980324,56.58000183105469,-35.880001068115234,-41.58000183105469,3.1732251528315913,-1.462774026232628,-0.7720367868134446,3.3474383119752305,20:51:20,0.02101
0.6266822814941406,8.386289596557617,-0.9726444482803345,0.38356590270996094,-1.2637996673583984,-2.7008399963378906,0.24311639368534088,9.650089263916016,1.7281955480575562,-0.25965821743011475,-0.3629888594150543,0.027430560439825058,56.58000183105469,-35.7599983215332,-41.52000045776367,-0.29443711829338604,-3.3022811163168786,0.46215746471150254,3.0064678755568575,20:51:20,0.0188525
0.2645592987537384,11.868058204650879,0.038307227194309235,-0.009293586015701294,2.2134132385253906,-1.659603238105774,0.2738528847694397,9.654644966125488,1.6979104280471802,-0.007456851191818714,-0.34514567255973816,-0.0324905663728714,56.63999938964844,-35.58000183105469,-41.459999084472656,-0.9615261519121105,-2.8041767940279243,0.5009088170319274,2.766508167917033,20:51:20,0.02059599
0.17417816817760468,10.962450981140137,1.4059948921203613,-0.07190701365470886,1.273681640625,-0.0897212028503418,0.24608518183231354,9.688769340515137,1.4957160949707031,0.7667241096496582,0.6165217757225037,-0.12969595193862915,56.7599983215332,-35.15999984741211,-41.34000015258789,1.828076533372867,-1.3141781212832615,-1.3434112047338198,1.2788609910849742,20:51:20,0.016942501
-0.15442600846290588,8.971672058105469,2.537853717803955,-0.36206603050231934,-0.7431716918945313,1.2154879570007324,0.20764000713825226,9.71484375,1.3223657608032227,0.8815063238143921,0.5821670293807983,-0.10812434554100037,56.81999969482422,-34.97999954223633,-41.34000015258789,1.0450276392306108,-0.0035568374296497396,-0.7371499274094848,1.4699683492139892,20:51:20,0.020944322
-0.7793126702308655,7.468113422393799,1.9626468420028687,-0.9534239172935486,-2.267709255218506,0.799228310585022,0.1741112470626831,9.735822677612305,1.1634185314178467,0.8181231021881104,-0.005858954507857561,-0.12809805572032928,56.880001068115234,-34.79999923706055,-41.34000015258789,-0.7959556374991141,1.2093547043808002,0.25440662881037923,2.586559167061839,20:51:20,0.02019224
0.1346738487482071,6.4595561027526855,1.7280150651931763,0.057743750512599945,-3.2914538383483887,0.6878525018692017,0.07693009823560715,9.751009941101074,1.0401625633239746,0.10093380510807037,0.39681100845336914,-0.10945592075586319,57.119998931884766,-34.439998626708984,-41.34000015258789,-2.4090239169580974,0.7861636128153866,0.5184974979371288,3.363055719881745,20:51:20,0.018812187
0.5165489912033081,6.599018573760986,1.414973258972168,0.4488265812397003,-3.154757022857666,0.4003477096557617,0.06772241741418839,9.753775596618652,1.0146255493164063,0.13741911947727203,0.3201119601726532,-0.11185276508331299,57.2400016784668,-34.2599983215332,-41.400001525878906,-2.7198192729452773,0.5093450158432681,1.9113597362587873,3.2115752306187217,20:51:20,0.01996448
0.36990416049957275,6.846818447113037,1.5041571855545044,0.3102145493030548,-2.906986713409424,0.48943233489990234,0.05968962237238884,9.753805160522461,1.014724850654602,0.012250540778040886,0.08149272948503494,-0.10679276287555695,57.36000061035156,-34.13999938964844,-41.400001525878906,-2.3911078565498873,0.19703409737185384,2.13494654928763,2.9641775974094045,20:51:20,0.020953332
0.27054479718208313,6.934805393218994,2.0057425498962402,0.22047056257724762,-2.8173537254333496,0.974737286567688,0.05007423833012581,9.752159118652344,1.0310052633285522,-0.011185277253389359,0.10546118021011353,-0.10066749155521393,57.599998474121094,-33.959999084472656,-41.400001525878906,-2.260521048027374,0.30905116876285943,1.8923214164372144,2.9893480996701673,20:51:20,0.019826354
0.23762452602386475,7.180211067199707,1.4610615968704224,0.19440701603889465,-2.5715579986572266,0.4259810447692871,0.043217502534389496,9.751769065856934,1.0350805521011353,-0.019707392901182175,0.11052118986845016,-0.08229167759418488,57.779998779296875,-33.84000015258789,-41.34000015258789,-2.2363175699772535,0.7997448739075127,1.8153493679651644,2.6138409436776833,20:51:20,0.019539584
0.34416648745536804,7.547122478485107,2.0661959648132324,0.30197423696517944,-2.20302152633667,1.0160149335861206,0.0421922504901886,9.750144004821777,1.0501810312271118,-0.007456851191818714,0.1113201379776001,-0.06551376730203629,58.02000045776367,-33.720001220703125,-41.279998779296875,-2.0506938554595933,0.26780026117323996,1.5984685644812462,2.444745105438083,20:51:20,0.022877032
-0.1364694982767105,8.295310020446777,2.671929121017456,-0.1769295185804367,-1.4513626098632813,1.5899522304534912,0.040460020303726196,9.746672630310059,1.0819768905639648,-0.003728425595909357,-0.024234766140580177,-0.027696875855326653,58.5,-33.599998474121094,-41.15999984741211,-1.6118883282852743,1.5325587228571105,1.4717443366136473,2.160024438514132,20:51:20,0.018026824
-0.26994624733924866,9.215282440185547,2.3989901542663574,-0.30818042159080505,-0.5238170623779297,1.2507667541503906,0.0382341630756855,9.739099502563477,1.1482234001159668,-0.2631203234195709,-0.07669904083013535,-0.014647386036813259,58.7400016784668,-33.540000915527344,-41.040000915527344,-1.3138317237704498,1.5163655050271831,0.8001168745600804,1.3906030923229078,20:51:20,0.020017082
-0.26815059781074524,10.794258117675781,2.8544869422912598,-0.3054650127887726,1.0674848556518555,1.606059193611145,0.037314414978027344,9.726773262023926,1.2484277486801147,-0.4181163012981415,-0.10626012831926346,-0.011717909015715122,58.97999954223633,-33.599998474121094,-40.97999954223633,-0.6026450602431677,1.2425773452686448,0.16308708619208545,1.9525006848825917,20:51:20,0.018872865
0.07841010391712189,11.784859657287598,3.1711201667785645,0.0356280691921711,2.070614814758301,1.8289268016815186,0.04278203472495079,9.714244842529297,1.342193365097046,-0.3760383427143097,-0.06657902896404266,-0.017310546711087227,59.220001220703125,-33.65999984741211,-40.86000061035156,0.7553080483914616,1.6944751285969788,-0.6087052448235166,2.762913012803679,20:51:20,0.021182552
1.5532383918762207,11.004349708557129,3.4745852947235107,1.4426480531692505,1.3154401779174805,1.9636554718017578,0.1105903759598732,9.688909530639648,1.510929822921753,-0.31931301951408386,-0.024501081556081772,0.006391586735844612,59.63999938964844,-33.900001525878906,-40.68000030517578,1.7988175236151243,1.94629781112487,-0.7809410139349326,2.7690357670007777,20:51:20,0.019854063
0.7559691667556763,13.37820053100586,2.5743653774261475,0.6071761846542358,3.704808235168457,0.9701701402664185,0.14879296720027924,9.673392295837402,1.604195237159729,-0.5251753926277161,-0.15393070876598358,0.06844323873519897,59.880001068115234,-33.959999084472656,-40.560001373291016,1.8846137038664956,1.829169736512899,0.8774552727757623,3.8775632915076774,20:51:20,0.020735938
-0.6709750294685364,14.4597806930542,2.1571757793426514,-0.8390060663223267,4.820526123046875,0.3608132600784302,0.16803105175495148,9.639254570007324,1.7963625192642212,-1.1563445329666138,-0.5217132568359375,0.09187906235456467,60.060001373291016,-34.02000045776367,-40.439998626708984,3.5339241686875473,1.1180311178159936,-1.1388085520820734,4.906280616816717,20:51:20,0.019265209
-2.52109432220459,11.088146209716797,1.5682021379470825,-2.670299768447876,1.474635124206543,-0.3626401424407959,0.14920535683631897,9.613511085510254,1.9308422803878784,-0.8815063238143921,-0.9531453847885132,0.027430560439825058,60.18000030517578,-34.08000183105469,-40.380001068115234,3.8208684295220223,0.8516449967007009,-2.9575757026790814,3.0718980249718424,20:51:20,0.019979843
-2.961029052734375,9.947309494018555,0.13287819921970367,-3.057032585144043,0.3286571502685547,-1.7756062746047974,0.09600362926721573,9.61865234375,1.9084844589233398,-0.21092236042022705,-1.0884339809417725,-0.13981595635414124,60.36000061035156,-34.13999938964844,-40.31999969482422,0.021471107666315215,0.24474596155845418,-3.0620571801402825,3.550526917440712,20:51:20,0.01994349
-2.4672248363494873,11.115081787109375,0.43993455171585083,-2.4937946796417236,1.4758234024047852,-1.3640055656433105,0.026569735258817673,9.63925838470459,1.8039400577545166,0.25113609433174133,-0.5044026970863342,-0.17257283627986908,60.47999954223633,-34.08000183105469,-40.31999969482422,-1.1840661918140296,-1.1767334580386617,-3.1336127507793616,3.2027453539738264,20:51:20,0.019935365
-0.739209771156311,12.53065299987793,0.17717093229293823,-0.7182000279426575,2.8693323135375977,-1.504640817642212,-0.021009763702750206,9.661320686340332,1.681811809539795,0.29880666732788086,0.5589975118637085,-0.0854874700307846,60.540000915527344,-34.08000183105469,-40.380001068115234,2.153683779422434,-1.1295190497713579,-2.2580206358738906,3.318557396785971,20:51:20,0.019935365
0.2495955228805542,11.458649635314941,4.416703701019287,0.25524842739105225,1.7967138290405273,2.7382988929748535,-0.0056529114954173565,9.661935806274414,1.678404688835144,0.03755057230591774,-0.38775625824928284,-0.04447479173541069,60.599998474121094,-33.959999084472656,-40.68000030517578,2.153683779422434,-1.1295190497713579,-2.2580206358738906,3.2850590817241607,20:51:20,0.015957812
-0.6392518281936646,9.86650562286377,1.8872294425964355,-0.6324190497398376,0.18851947784423828,0.30395495891571045,-0.006832768674939871,9.677986145019531,1.583274483680725,0.4404868483543396,-0.6319681406021118,-0.06551376730203629,60.540000915527344,-33.779998779296875,-40.91999816894531,1.6879343240984286,2.812237707803458,-0.1838777649910739,0.7265549291347178,20:51:20,0.019993542
-0.52552729845047,7.849390506744385,2.4408886432647705,-0.5126394629478455,-1.8383688926696777,0.918665885925293,-0.012887830846011639,9.687759399414063,1.5222227573394775,0.37950044870376587,-0.2817624509334564,-0.0439421571791172,60.47999954223633,-33.65999984741211,-41.099998474121094,-0.15310057202364996,0.4035068643265758,-0.5844864795227327,2.1180997177824032,20:51:20,0.020224062
0.10833762586116791,6.4398040771484375,2.0440497398376465,0.11545330286026001,-3.2608280181884766,0.6059964895248413,-0.007115677464753389,9.700632095336914,1.4380532503128052,0.4830974340438843,0.04767058417201042,-0.009853696450591087,60.41999816894531,-33.47999954223633,-41.279998779296875,-1.8466918104553491,0.8296341473580977,0.6227217660053839,3.318668494239936,20:51:20,0.019860729
0.29867666959762573,5.757456302642822,1.4640543460845947,0.25537002086639404,-3.960305690765381,0.14748013019561768,0.04330664128065109,9.717761993408203,1.316574215888977,0.2508697807788849,-0.07084008306264877,0.0764327272772789,60.36000061035156,-33.18000030517578,-41.63999938964844,-3.275548048576649,-0.09315113547402243,2.5116627433166236,3.971269998459999,20:51:20,0.019949063
-0.25019407272338867,6.682217121124268,1.7729063034057617,-0.316236287355423,-3.0389046669006348,0.48226845264434814,0.0660422071814537,9.721121788024902,1.2906378507614136,0.15686018764972687,-0.11025486886501312,0.1065264493227005,60.36000061035156,-33.060001373291016,-41.81999969482422,-3.2503991008425017,-0.14517910667295286,2.2770188497810704,3.093142386694601,20:51:20,0.020003906
-0.5644330382347107,7.289745807647705,1.688510775566101,-0.6420332789421082,-2.4347662925720215,0.4243772029876709,0.07760024815797806,9.724512100219727,1.2641335725784302,0.14221280813217163,-0.05512743443250656,0.0974716991186142,60.29999923706055,-32.880001068115234,-41.939998626708984,-2.7536567162817107,0.32315585159278193,1.3713033682820353,2.553505363442517,20:51:20,0.019921146
-0.8224082589149475,7.603984832763672,1.7292121648788452,-0.899111270904541,-2.1239147186279297,0.49140822887420654,0.0767030119895935,9.727899551391602,1.2378039360046387,0.1443433314561844,0.01810949668288231,0.07563377916812897,60.2400016784668,-32.7599983215332,-42.0,-2.406120662320296,0.3454993550563774,0.7820514810814245,2.3581553928605343,20:51:21,0.020860937
-0.8289923667907715,7.598597526550293,1.8830395936965942,-0.8978022933006287,-2.132460594177246,0.669812798500061,0.06880991905927658,9.731058120727539,1.2132267951965332,0.1576591432094574,0.12170646339654922,0.05273059010505676,60.2400016784668,-32.70000076293945,-42.0,-2.2749936662119516,0.4603396756479263,0.41639980443757096,2.408752027214326,20:51:21,0.019941198
-0.6374561786651611,8.028356552124023,2.6144683361053467,-0.6930205225944519,-1.7043771743774414,1.4140716791152954,0.055564358830451965,9.732733726501465,1.2003966569900513,0.062317971140146255,0.17443706095218658,0.04687163606286049,60.119998931884766,-32.58000183105469,-42.0,-2.301663384349614,0.6402018059279189,0.633612819907075,2.320512381124451,20:51:21,0.020479271
-0.4489128291606903,9.293692588806152,3.223792552947998,-0.5072206258773804,-0.4327669143676758,1.9737823009490967,0.05830781161785126,9.726459503173828,1.2500102519989014,-0.08761800080537796,0.16032229363918304,0.06471481919288635,60.119998931884766,-32.52000045776367,-41.939998626708984,-1.8046093565729,1.375000628134051,0.4873764443622868,2.0833570354182385,20:51:21,0.020532708
0.018555063754320145,10.302249908447266,3.5907039642333984,-0.05642097815871239,0.5867328643798828,2.2590832710266113,0.07497604191303253,9.715517044067383,1.3316208124160767,-0.23329292237758636,0.1853560209274292,0.08468852192163467,60.060001373291016,-32.58000183105469,-41.880001068115234,-0.6234353305002279,1.9872356723366114,0.05098505548031085,2.3347154015751257,20:51:21,0.019868959
0.01496376097202301,10.867281913757324,3.007715940475464,-0.07912614196538925,1.1652240753173828,1.582443118095398,0.09408990293741226,9.702057838439941,1.425272822380066,-0.3906857371330261,0.20905815064907074,0.10626012831926346,60.060001373291016,-32.58000183105469,-41.7599983215332,0.4876809895631571,2.2827578726294155,-0.04560610840143653,1.96675730939256,20:51:21,0.019087864
-0.7577648162841797,10.66137981414795,3.0591912269592285,-0.8524103164672852,0.9744482040405273,1.5346254110336304,0.09464549273252487,9.686931610107422,1.5245658159255981,-0.42450788617134094,0.1299622654914856,0.09906959533691406,60.060001373291016,-32.63999938964844,-41.63999938964844,0.9709484180441345,1.6540413788754613,-0.43536324997654363,2.0077917726118426,20:51:21,0.019771354
-0.8200140595436096,13.16272258758545,2.7012581825256348,-0.9019447565078735,3.5056114196777344,0.9972459077835083,0.08193068206310272,9.657111167907715,1.7040122747421265,-0.5512743592262268,0.0162452831864357,0.11345066130161285,60.060001373291016,-32.81999969482422,-41.220001220703125,-0.20995691505765013,1.1515163337555165,-1.6688021304909597,3.7546391531221666,20:51:21,0.020971145
1.1534066200256348,16.756418228149414,2.742558002471924,1.0172910690307617,7.127707481384277,0.8879381418228149,0.13611556589603424,9.628710746765137,1.8546198606491089,-0.9235842823982239,0.44315001368522644,0.21038973331451416,60.060001373291016,-32.880001068115234,-41.040000915527344,2.5924318074677557,1.4012289889433411,-2.326622406505411,7.25448338636287,20:51:21,0.019968699
1.9333178997039795,14.299369812011719,2.889202833175659,1.7445597648620605,4.697369575500488,0.9052489995956421,0.18875819444656372,9.60200023651123,1.983953833580017,-0.7587345838546753,0.5283711552619934,0.1323591023683548,60.060001373291016,-33.0,-40.91999816894531,6.723167958350347,1.2733811403501178,-2.409364959895532,5.0919785401435185,20:51:21,0.01998474
0.6799532771110535,9.317035675048828,0.6619967818260193,0.47701311111450195,-0.2921876907348633,-1.2852342128753662,0.20294015109539032,9.609223365783691,1.9472309350967407,-0.03808320313692093,0.2814961373806,0.03648530691862106,60.119998931884766,-33.060001373291016,-40.79999923706055,4.9737124152237895,0.9409020370269516,-0.5523932257691584,1.4016925970902003,20:51:21,0.020493802
1.0247182846069336,7.789535045623779,-0.618302583694458,0.7909133434295654,-1.8461432456970215,-2.426398277282715,0.23380495607852936,9.6356782913208,1.8080956935882568,0.3856257200241089,0.09427590668201447,0.038615837693214417,60.18000030517578,-33.119998931884766,-40.79999923706055,-0.05342338251980916,-1.3697873803570104,0.29252468021525146,3.1497932313801478,20:51:21,0.019580938
0.5734112858772278,12.789226531982422,-0.6649895310401917,0.293287068605423,3.096872329711914,-2.1312289237976074,0.2801242172718048,9.692354202270508,1.4662394523620605,0.4711132049560547,0.4122573435306549,0.06817692518234253,60.41999816894531,-33.18000030517578,-40.79999923706055,0.9552440397322712,-2.5813884152084716,0.12937062679499078,3.7707787334684553,20:51:21,0.019980366
0.0975637212395668,13.028048515319824,1.170764684677124,-0.17314767837524414,3.319080352783203,-0.1830366849899292,0.27071139216423035,9.708968162536621,1.3538013696670532,0.42264366149902344,0.35526570677757263,0.0034621094819158316,60.540000915527344,-33.2400016784668,-40.91999816894531,2.7686761888357045,-1.99341096444939,-1.6060875590448767,3.32862988852926,20:51:21,0.020923593
0.06643909960985184,11.080964088439941,2.9460651874542236,-0.1901344656944275,1.375192642211914,1.566895604133606,0.25657355785369873,9.705771446228027,1.3791695833206177,-0.029294772073626518,0.5973470211029053,0.006391586735844612,60.65999984741211,-33.2400016784668,-41.099998474121094,2.773270769444733,-0.005519644082248476,-1.8408463303717433,2.093434439501727,20:51:21,0.018999427
0.322618693113327,9.102754592895508,4.0096893310546875,0.07012102007865906,-0.5986509323120117,2.5993707180023193,0.25249767303466797,9.70140552520752,1.4103186130523682,0.10626012831926346,0.7430219650268555,0.04074636474251747,60.779998779296875,-33.18000030517578,-41.220001220703125,1.1321465230018346,1.6431911025797135,-0.632957200289761,2.668338064380675,20:51:21,0.019909584
0.28072014451026917,7.948749542236328,0.8780734539031982,0.022649914026260376,-1.7653322219848633,-0.4410463571548462,0.2580702304840088,9.714081764221191,1.3191198110580444,0.37630465626716614,0.6519418358802795,0.0788295716047287,60.900001525878906,-33.18000030517578,-41.34000015258789,-0.4147156256508713,2.5316536865338675,0.734008014041839,1.8197342558030203,20:51:21,0.01997125
0.3196259140968323,7.433996200561523,0.8708908557891846,0.017855077981948853,-2.2957000732421875,-0.31733477115631104,0.3017708361148834,9.729696273803711,1.1882256269454956,0.18695391714572906,0.3701793849468231,0.12250541150569916,61.2599983215332,-33.119998931884766,-41.58000183105469,-1.975479408285147,-1.083321084723436,1.1628543757350016,2.3175976758442682,20:51:21,0.02050151
0.14903905987739563,7.734468460083008,1.8076223134994507,-0.16875848174095154,-1.9984617233276367,0.6502883434295654,0.31779754161834717,9.732930183410645,1.1573339700698853,0.19121496379375458,0.256462424993515,0.09294432401657104,61.439998626708984,-33.060001373291016,-41.70000076293945,-1.970735502917347,-0.39944926092210187,1.1523457621178839,2.1083651520468525,20:51:21,0.019544791
0.09636662155389786,7.914632320404053,1.9961656332015991,-0.22716334462165833,-1.8204054832458496,0.858378529548645,0.3235299587249756,9.735037803649902,1.137787103652954,0.15606124699115753,0.2545982003211975,0.04713795334100723,61.68000030517578,-33.0,-41.70000076293945,-1.7792403910416699,0.5992286650304146,0.9593913549928406,2.0254118120918885,20:51:21,0.019843594
0.31842881441116333,7.826645374298096,1.5454572439193726,-0.010419696569442749,-1.9103989601135254,0.4266313314437866,0.3288485109806061,9.737044334411621,1.118825912475586,0.10040117800235748,0.25726136565208435,0.017044231295585632,61.97999954223633,-33.060001373291016,-41.7599983215332,-1.64988505321204,0.8213512798193763,0.8399726972188093,1.9574848785747838,20:51:21,0.020963333
0.4812345504760742,7.422025203704834,1.2761094570159912,0.14343029260635376,-2.315925121307373,0.1678684949874878,0.33780425786972046,9.737950325012207,1.1082409620285034,0.029028456658124924,0.20479708909988403,0.007989482954144478,62.279998779296875,-33.060001373291016,-41.7599983215332,-1.630668250461421,0.3677165704922747,1.0185542719002072,2.3264267123528906,20:51:21,0.019687291
0.47465047240257263,6.999448776245117,0.9265560507774353,0.12825986742973328,-2.737551689147949,-0.18733566999435425,0.34639060497283936,9.737000465393066,1.1138917207717896,-0.09427590668201447,0.13795174658298492,-0.018908444792032242,62.81999969482422,-33.18000030517578,-41.63999938964844,-2.297480630481158,-0.2762746572735293,1.480198900993153,2.020603131064893,20:51:21,0.024374687
0.17657238245010376,9.068038940429688,1.6406266689300537,-0.16803571581840515,-0.6533117294311523,0.39698994159698486,0.3446080982685089,9.72135066986084,1.2436367273330688,-0.4591289758682251,-0.002130528911948204,-0.04127899929881096,63.0,-33.29999923706055,-41.52000045776367,-1.7297871520805743,-0.34015526648359384,0.9874042184794085,0.7827216819100544,20:51:21,0.016822346
0.1346738487482071,9.805453300476074,2.097919225692749,-0.2011956423521042,0.09429073333740234,0.7748335599899292,0.3358694911003113,9.711162567138672,1.3230856657028198,-0.3997404873371124,-0.0013315805699676275,-0.05273059010505676,63.2400016784668,-33.41999816894531,-41.34000015258789,-0.6358063143752899,0.39337755066351443,0.23164114481385134,0.8060629470341929,20:51:21,0.019946093
0.7212532758712769,9.511565208435059,1.9722236394882202,0.38134559988975525,-0.1905679702758789,0.5854233503341675,0.3399076759815216,9.702133178710938,1.3868002891540527,-0.33609092235565186,0.018375812098383904,-0.047936901450157166,63.599998474121094,-33.65999984741211,-40.97999954223633,0.009691987795622747,0.7977714193220724,-0.11490975948007343,0.9454053716220229,20:51:21,0.01870479
0.2472013235092163,10.470442771911621,1.766920804977417,-0.10375350713729858,0.7847671508789063,0.2721024751663208,0.3509548306465149,9.685675621032715,1.4948183298110962,-0.368315190076828,-0.12729910016059875,-0.03568635880947113,63.84000015258789,-33.779998779296875,-40.79999923706055,-0.2883512464074247,0.28450235313516536,0.8542267919159059,0.8370567652994173,20:51:21,0.020061042
-0.2651578485965729,13.905523300170898,2.207453966140747,-0.6032450199127197,4.233741760253906,0.622381329536438,0.33808717131614685,9.671781539916992,1.585072636604309,-0.5680522918701172,-0.205862358212471,-0.037284255027770996,64.0199966430664,-33.900001525878906,-40.619998931884766,0.6508067948453662,0.316803017092564,-0.42041699799726295,4.321554392336499,20:51:21,0.02082
-0.6799532771110535,13.096881866455078,3.5661635398864746,-0.9923750162124634,3.4439573287963867,1.865090012550354,0.3124217092990875,9.652924537658691,1.7010735273361206,-0.5390238165855408,-0.31212249398231506,-0.07723167538642883,64.19999694824219,-34.02000045776367,-40.439998626708984,3.478898780229857,0.9027164628473088,-2.3996252757657164,4.040323131915083,20:51:21,0.018999115
-0.3280056416988373,10.355521202087402,2.716221809387207,-0.6199945211410522,0.7064981460571289,0.9896156787872314,0.2919888496398926,9.649023056030273,1.7266061305999756,-0.11424960941076279,-0.13528858125209808,-0.0812264159321785,64.44000244140625,-34.13999938964844,-40.31999969482422,2.6592496941184898,2.182165113069317,-2.119140955906282,1.3648707002235032,20:51:21,0.019922396
0.1454477459192276,10.196306228637695,0.16340427100658417,-0.13937808573246002,-0.5975656509399414,-0.6748344898223877,0.281969279050827,9.664835929870605,1.6375445127487183,-0.024234766140580177,-0.2822950780391693,0.03941478580236435,64.91999816894531,-34.2599983215332,-40.20000076293945,-0.6146589926884212,-0.6730511193718676,0.03330225849799895,1.8976319685126821,20:51:21,0.021230677
-1.7196353673934937,12.309189796447754,1.1276689767837524,-1.9885718822479248,2.648998260498047,-0.5392014980316162,0.26893648505210876,9.660191535949707,1.6668704748153687,-0.3880225718021393,-0.9217200875282288,0.0023968450259417295,65.0999984741211,-34.2599983215332,-40.20000076293945,-0.058364492767280174,-1.2527693985941308,-1.4241382157195872,3.3559422179871143,20:51:21,0.018711875
